DAPI1st,DAPI2nd,DAPI3rd,GABA488,GAD647,gephyrin594,GS594,MBP488,NR1594,PSD95_488,Synapsin647,VGluT1_647
81.43587397045366,17.301477317296378,19.562818669107074,0.31428944960125504,42.60282389854883,8.040658909661394,7.277552621257681,2.4816315858282127,4.38357955288273,45.0057523859328,21.194143025232055,14.299516276637469
106.93819353299129,17.791671638229328,19.32979358071829,2.0416418088533588,37.51771864932586,9.614604462474645,8.865887125641331,2.039613411287436,8.521059539434434,51.27192459133755,25.72604701109653,8.212385156902517
87.81796690307328,15.01457840819543,14.925925925925926,0.06855791962174941,25.04373522458629,8.073286052009456,9.408983451536644,0.0,2.8991331757289203,2.4164696611505123,23.47911741528763,12.682427107959024
101.82000883392226,16.877650176678443,17.626987632508833,5.7553003533568905,35.78798586572438,9.193242049469964,9.333701413427562,1.2714222614840989,3.692137809187279,40.01258833922262,18.564929328621908,18.48498233215548
105.75628705786137,16.604784297689633,16.393580044980578,0.005111429155591904,21.819464322224494,10.859333469638111,5.995910856675526,1.2242895113473726,13.094868125127785,0.6806379063586179,23.043549376405643,4.178286648947045
80.9520352297072,18.37026898357534,22.324684598905023,8.202689835753391,22.702213758628897,9.286836467507737,8.912877886217567,0.0,2.857295881932873,11.347536300880742,20.720185670078553,7.094144251368721
85.56845425867508,17.654763406940063,19.954195583596213,8.168958990536277,22.085552050473186,9.046182965299684,7.972365930599369,2.0,2.8972870662460566,31.761640378548897,31.42018927444795,19.26018927444795
113.2159687773563,18.577728333819667,25.134009337613072,5.128063904289466,27.8422089290925,9.733914502480303,9.327473008462212,2.268930551502772,3.6065436241610738,51.496060694484974,24.88543186460461,16.703457834840968
113.71988795518207,15.046685340802988,16.0,3.957983193277311,26.094304388422035,10.865546218487395,8.0,2.0,2.3380018674136323,28.566760037348274,19.80392156862745,10.857142857142858
94.85606936416185,15.041040462427747,15.0,0.05086705202312139,27.17514450867052,10.354335260115606,9.40635838150289,0.3895953757225434,26.83872832369942,1.6098265895953756,72.70867052023121,7.0
102.06386049308479,18.28165965123271,21.171978352375227,1.1048707155742634,37.39374624173181,9.209380637402285,11.387853277209862,2.0,3.1301262778111845,30.118941671677693,31.749609140108237,5.692844257366206
142.47010773354913,19.298745637549946,22.134135855546003,5.776844873805068,32.096100348996,11.246370947347124,9.237747205503009,2.6792018613120225,8.096403823782307,64.19351575539932,39.42939153305346,11.581103636639522
114.89132553606238,16.017543859649123,18.227826510721247,2.5974658869395713,23.43859649122807,8.689571150097466,8.470760233918128,2.0,2.5255847953216373,17.73635477582846,17.714668615984404,7.785575048732944
72.06480585878127,17.194832112753904,19.056238772972225,4.105430426972503,28.70139560591405,9.13444797568053,12.631477131408042,2.677628851734144,8.630233522177697,38.54138455160978,37.55520243194694,5.9625535442863065
93.99862593806152,18.337807842722757,20.624669696649402,0.0351971250396364,63.466335482507134,19.713243843145545,8.904238452594862,2.149772751294789,6.20843462636085,53.47320579219956,22.5273226931614,25.176408413486946
104.86435109129313,17.653133067355082,19.190096221544238,2.142689509504811,24.980990377845576,15.651959633888758,10.427833841821169,0.0002346866932644919,4.736446843463976,20.564421497301105,13.244778221074865,10.569584604552922
104.6191102123357,20.49989888776542,26.24777553083923,6.646309403437816,29.78958543983822,11.359453993933267,9.646916076845299,3.651668351870576,4.649191102123357,44.60460060667341,30.014459049544996,11.453538928210314
93.81760153195563,18.839942551663608,22.015239767015082,3.7647809782175057,31.279262746349637,8.667836910556131,9.491741801643661,2.0,4.20729274714753,37.153035984999605,30.020505864517673,9.39288278943589
96.55325443786982,16.0,15.0,3.477810650887574,25.374260355029588,9.57914201183432,9.0,2.0,4.1109467455621305,22.356508875739646,35.19304733727811,9.585059171597633
96.45226956631686,18.831963585788344,22.86180300922999,3.02200025287647,21.031988873435328,8.393475787078012,8.12353015551903,0.08673662915665697,3.065242129219876,30.634593501074725,22.64774307750664,12.804020735870527
120.76934187390103,16.928095955790003,19.206229590555136,0.0,35.55143180105501,11.17282089927154,6.91572469228837,0.5457799547852299,10.108327053504144,26.837038432554635,23.111906556141673,14.233735242401407
77.10573630136986,17.960188356164384,20.72945205479452,4.2117579908675795,38.54794520547945,9.367294520547945,14.761986301369863,2.601312785388128,9.960759132420092,56.84346461187214,31.583333333333332,4.1923515981735155
92.0011366058109,19.406620728848477,25.394544292107692,3.2570149889891313,23.41351140157704,9.170206720181858,9.200326774170634,0.0,3.528663777793564,28.042693755771825,23.902678127441927,12.267670668466293
110.23585072515034,18.20392642377078,20.663424124513618,0.7611425539441103,25.37150689777149,10.007251503360452,12.03342766183233,0.07366466218606296,3.0664131588256103,48.42925362575168,27.734789529536613,17.599310222851077
85.37225861577897,15.46368555966961,16.958131586442608,4.378524636855596,24.023639988607233,8.939903161492452,8.032469381942466,2.0,2.324409000284819,2.324124181144973,15.857305610937056,4.437767017943606
119.42706393544383,14.559279950341402,16.0,2.595903165735568,27.17070142768467,10.031036623215394,8.0,2.0,3.0,28.330850403476102,35.20794537554314,11.54872749844817
113.60986371212864,20.015785861358957,24.298460633395432,7.235317187959604,22.817727228159622,9.66535934895578,9.797725267183058,2.2877733111089325,11.284733797431121,23.102068830277478,22.115599568585154,17.76625159329346
103.09903867650347,18.797451374916164,21.782249049854684,6.213503241672256,20.536105522021014,9.947462553096356,9.991504583053878,2.761904761904762,3.132349653476414,14.442432372009836,24.242566510172143,4.937402190923318
105.84465408805032,19.598034591194967,22.54677672955975,5.853144654088051,20.972877358490567,10.35314465408805,10.209827044025158,0.3137578616352201,8.83938679245283,41.45880503144654,11.887971698113208,3.250078616352201
109.57979199669398,18.93436187065225,25.38721675046491,0.5925339210689441,22.086162958881467,10.439010951167436,9.007300778290515,2.0267924788208553,4.588814656656795,29.707555616778016,26.245471451201873,19.2353467869688
105.09893249135469,19.920162381596754,26.133814463990376,0.7403397985265374,31.99639152007217,10.016388513005563,11.947827394376786,2.0126296797474064,5.171703503232597,35.812659750413474,34.79491805743497,20.22312434220418
102.60684624017958,19.330527497194165,23.450280583613917,9.643434343434343,22.18372615039282,9.696071829405163,10.696071829405163,2.2750841750841753,11.449382716049383,21.433557800224467,37.193153759820426,11.522446689113355
117.18032484311554,20.61890919158361,26.41016057585825,6.790236249538575,36.69624400147656,8.876153562200074,10.490217792543374,2.5241325212255443,6.519748984865264,46.812430786267996,26.677879291251383,12.137135474344777
94.58515316389655,19.100469553551463,26.110456883058806,6.681970634269956,24.05232168144891,9.283819035551911,13.073414325109935,2.215323842885891,6.549973913691585,39.54788700901841,22.963851829768206,16.662964895282105
103.40952671755726,19.836702290076335,26.528671755725192,4.925068702290076,25.3033893129771,8.71987786259542,10.483419847328245,2.7652519083969467,10.048,24.770870229007635,23.516885496183207,20.34363358778626
99.75561172293435,19.66082927122826,26.73785881928146,3.861286634169826,32.60552446289944,8.970752843473552,44.04772221219233,2.0,6.563940542817597,53.382018414876335,26.672985496780406,21.472829030510923
102.60148236879539,19.612038631429215,24.092984951710715,13.949389833046343,24.452047615482517,72.34992887624466,12.97312270719473,0.6216216216216216,2.9717002320880437,2.3316613011903873,17.742681739911657,5.0279254323575655
95.56258434547908,18.03711201079622,26.85391363022942,6.6867408906882595,38.62314439946019,8.715587044534413,13.876349527665317,2.1818488529014846,24.416497975708502,8.739372469635628,24.63697705802969,8.789642375168691
112.5639199841028,20.684109425713718,27.149466781479763,6.06815923693449,30.093495396436378,9.155461349937074,10.562893290057627,2.1714247863814005,4.532854209445585,25.10220573623899,49.70782274624098,14.284029939723125
137.05066250974278,20.737334372564302,25.11847233047545,0.0,22.593920498830865,10.56664068589244,8.44738893219018,2.986749805144193,4.349961028838659,83.09898674980515,29.125487139516757,30.05533904910366
120.26437604390361,19.18293167899467,26.324663962459237,6.374731567644954,28.70138391791935,9.427503380259285,10.02143482064742,2.020361091227233,5.066849598345661,52.64240833532172,44.634852461624114,17.017020599697766
117.83357253412129,20.830083016744055,26.05172365273674,7.564738989728437,38.315716898832136,9.648684395666244,12.328633741381736,2.19000984944421,7.347488391726467,45.02552413113831,35.84769945124525,14.594428028704094
80.6064131017066,21.769419147470728,26.106987066656462,6.807453891482361,23.3468278870437,7.893931277263335,9.108976811816024,2.0912986913599143,3.316063365730466,27.59072472641004,22.127573276191935,11.362286676360297
76.73272526257601,23.990602542841348,29.803206191265893,5.102819237147595,22.97070204532891,9.081260364842455,7.98922056384743,2.782752902155887,6.147318960751797,4.975400773908237,14.197622996130459,8.747650635710338
99.20443875373452,22.962740076824584,28.35795988049509,3.737772087067862,32.606572769953054,8.119035424669228,10.208322663252241,2.257447716602646,4.609475032010243,56.39684165599659,40.302134016218524,20.47067861715749
107.96479647964796,21.067656765676567,22.513201320132012,8.747524752475247,34.22992299229923,6.011367803447011,10.46956362302897,3.1635496883021634,12.036303630363037,48.22460579391272,17.284195086175284,14.027869453612029
136.8457245110988,26.671211282007583,33.87299220314431,5.823910357462401,22.086660133782114,8.937752971752376,8.846704443781688,2.0,6.323036939201568,30.61407694601849,29.419709428656642,35.670614801244085
104.87335228162836,24.552894836962604,27.837611619631627,5.32177785735067,34.71308998948146,9.415146700087282,13.001432312064992,2.2363986303515877,17.74903207036233,37.313407783720876,33.970727122171745,20.540787324038224
74.9811046511628,19.96511627906977,21.76951827242525,6.659676079734219,24.411233388704318,8.397736710963455,11.346449335548172,2.385901162790698,6.85641611295681,24.297757475083056,31.541320598006646,13.12531146179402
82.45444534175171,22.92592320681301,29.340136553850673,4.496732985830703,30.05219881066001,6.911460245209603,9.545481242199545,2.4750018354012187,6.231333969605756,36.07686660303943,29.607738051538067,14.498348138903165
85.7242060877586,21.991962050336014,25.84833311371722,0.5505995519831335,28.378442482540517,8.153511661615497,7.74351034391883,2.090921069969693,4.502503623665832,31.045987613651338,28.065160100144947,11.468836473843721
104.84625105307498,22.80665543386689,28.930918281381633,120.5273799494524,163.68997472620052,7.724094355518113,25.427127211457456,2.0,3.2122999157540018,2.7910699241786014,57.80707666385847,14.405223251895535
78.24358602696043,21.231011740832006,25.5146760400058,4.703761414697782,29.291382809102767,7.808812871430642,8.9384693433831,0.8857443107696767,3.1111392955500796,47.670604435425425,19.494673141034934,14.942201768372227
75.29534356470178,20.278252528775724,20.900244157656086,19.195064527380538,34.27581095221486,8.557115451691663,14.545866759679107,2.821852110219742,3.901028950122079,2.574729682595047,19.788978025810952,7.293250784792466
78.08958333333334,21.018125,25.4625,36.545625,53.39270833333333,30.852708333333332,24.956666666666667,1.5483333333333333,7.484583333333333,2.489375,23.651458333333334,8.894375
64.66785252263907,16.782341526520053,19.121927554980594,3.94987063389392,28.010996119016816,6.049159120310478,7.534282018111255,2.0,1.2503234152652005,1.0666235446313066,28.11772315653299,5.518111254851229
66.74280575539568,20.47661870503597,19.883812949640287,12.996043165467626,78.63812949640288,5.012949640287769,9.937410071942447,2.0,24.04640287769784,71.06690647482014,44.19856115107914,12.497122302158273
111.27372702621271,24.334714271366877,30.805639248769708,7.8111127849753945,28.99173947976298,9.47845736667671,8.532740785377122,1.893517123631616,4.354273375514714,10.278572863312244,61.57720699005725,16.192578085768805
93.56799721513111,20.249303782780228,23.057960083546067,3.8166627987932236,26.064690183337202,8.706428405662567,11.023033186354143,0.8704455790206544,5.840334184265491,26.249593873288465,19.471397075887676,9.272046878626131
100.67684021543985,19.0,18.543087971274687,13.059245960502693,31.179533213644525,7.0,11.840215439856374,0.0,5.814183123877918,11.543087971274685,25.5556552962298,8.85278276481149
76.57590220212677,24.12840157414385,29.24972787406849,5.190111362304279,24.234614418487816,8.013103910240309,8.307962823411204,2.034036674202462,3.788327890814703,31.97889977392615,20.877459599765555,11.930084568366407
117.25330979699912,22.951372252343127,26.158870255957634,7.090362711721935,29.644139032488546,11.933215651662254,9.18375152355735,0.05627705627705628,3.4780817887614006,34.01185222544446,22.478628167948557,17.661665195645778
92.6027397260274,21.14104109589041,23.278904109589043,3.519013698630137,50.95210958904109,9.96986301369863,14.291287671232876,0.6334246575342466,8.83090410958904,98.4373698630137,43.92832876712329,44.66060273972603
98.21736978373438,23.12343892780993,28.165625951873288,6.80707432226622,31.365747791653973,9.682036247334755,8.953662808406945,1.962381967712458,6.150472129150168,38.987701797136765,13.191631130063966,16.006358513554677
92.20855920114123,22.905563480741797,25.05011887779363,13.661721350451735,24.23471231573942,8.400951022349025,10.259533999048978,2.0,6.794674274845459,10.40228245363766,16.456015216357585,14.844698050404185
117.37597958811737,19.286130854747586,20.06096227446692,4.5029159832330965,23.095862948788046,8.58784399489703,10.36358665937671,1.9834153453617642,6.735739019500638,19.84481501731365,13.577638053581191,8.508292327319118
61.04290548706793,20.188663282571913,24.471476915639354,1.5502779792119894,26.042422044960116,7.111312545322698,8.268310369833213,2.0,11.604181774232536,17.702683103698334,46.68733381677544,33.91273869954073
78.18005713265488,23.822174611676488,30.045527584359935,4.520085698982324,29.010801642563827,7.008748437778968,8.46223888591323,1.8910908766291734,6.528923406534547,31.319942867345116,15.228173540439208,9.312265666845207
110.33505320864238,18.931634956465658,18.058045791680104,2.6278619800064495,32.235730409545305,8.08352144469526,10.43437600773944,2.439213157046114,3.6239922605611095,63.580135440180584,11.883908416639793,17.497258948726216
137.960088365243,19.002282768777615,20.870618556701032,4.839101620029455,42.71723122238586,7.065758468335788,11.689175257731959,2.9436671575846836,11.188659793814432,62.453092783505156,20.241752577319588,14.456848306332843
97.50036363636363,19.520872727272728,19.877236363636364,8.195054545454546,55.42181818181818,7.447563636363636,7.752145454545454,3.2168727272727273,15.930909090909092,36.70065454545455,42.89221818181818,10.778036363636364
108.88780744442982,24.504274628436143,30.427199789556752,7.590293305274234,21.842036038405894,8.267525976588189,8.691174536367223,2.0,8.147310272260949,41.636196238326974,22.025779297645666,19.466000263054056
82.92521802325581,21.461337209302325,23.49549418604651,3.655450581395349,30.09484011627907,9.322747093023256,9.509447674418604,2.949418604651163,2.6244912790697676,17.789752906976744,21.097601744186047,14.690043604651162
76.43752416435275,21.604477874239922,26.42589012688482,5.983937295701382,26.510983796703105,7.701311025974483,15.022459667498506,1.1693086359003197,7.910547959649924,44.39576816280623,19.27236301008752,14.064918632034024
97.83451209784631,24.075724541345387,29.094442967295933,9.490561021005052,45.34703536293539,10.0646636532837,10.2256314809891,0.13352831693698483,12.121350704599841,49.61132677479394,29.700452007444827,27.4453602765222
79.88935504070132,19.747463994990607,21.132874139010646,6.592485911083281,21.902442078897934,8.467376330619912,11.442141515341264,1.4382592360676267,9.302567313713212,33.425610519724486,18.78440826549781,10.806261740763933
61.50294227188082,18.819664804469273,21.389944134078213,6.962905027932961,22.46584729981378,7.9004841713221605,9.21929236499069,2.0,6.207299813780261,32.80461824953445,26.892737430167596,10.123054003724395
74.40037031761857,24.637516023358497,29.757014670274888,5.2627830793334285,33.59165361059678,8.236575986326734,18.67625694345535,2.0,11.506053268765132,5.437402079475858,18.307506053268764,9.647770972795898
113.02271114265436,23.163270134171484,29.452228868836393,2.3301226807259456,42.78708303761533,8.983068032038933,10.827030315319883,2.079995944438812,12.600358241238299,90.61168001622225,37.616276318902294,37.729865828517354
90.57732447817837,19.950189753320682,20.0,11.577798861480076,39.10056925996205,7.381404174573055,10.332068311195446,1.5426944971537002,6.731973434535105,60.16982922201139,38.854838709677416,7.694022770398482
86.04111397875278,19.598343436768502,20.35406038052938,0.7127423323930137,28.34643778884821,8.286777504351479,13.034571754396495,1.9536042254366484,10.975571694376088,39.67853070043815,16.69569653682252,12.974551347458135
72.93255476084042,19.93825435851587,21.132487706750112,8.331303084488153,25.065768886902102,8.971949038891372,12.89640143048726,2.0623603039785428,3.0545932051855162,2.3765087170317387,20.47362539114886,9.909421099687082
103.81862760408534,23.769185120404785,29.07152450260799,4.550926070525033,32.72452134803385,8.48546084892401,9.033919480276102,2.101446106755786,6.518974294905831,47.11275260018115,17.27844582565512,17.012555829715463
85.50848810214741,22.849463145676147,27.893136970400466,1.5570951828206616,24.712782936738247,10.793238537434707,9.949143934997098,2.0977219965177016,2.8557022634939058,2.0364915844457343,13.772489843296576,8.110998258850842
108.28808955469586,23.651082393612644,30.874310642851263,7.650176969297885,34.51839657584986,8.645320602518726,10.425220182731088,2.579060004938678,6.467775125524734,27.33829944851428,31.678656679562103,31.395011935138694
121.82075471698113,22.66188679245283,26.905584905660376,4.441358490566038,26.57532075471698,9.72822641509434,9.439471698113207,2.246490566037736,8.394188679245284,62.9571320754717,49.27683018867925,19.1148679245283
88.36566660235385,24.212666409415398,30.710640555662742,7.193469033378352,27.45842176345746,7.401649623770018,11.172969322786031,2.2779760756318734,4.125024117306579,48.15198726606213,27.941346710399383,21.840439899672006
91.64650165311411,20.38271825574122,20.918327227236173,7.477884013939773,32.511571798766866,8.842820123313377,22.659190420873916,1.9925833258868735,4.3073005093378605,46.17558752569029,34.736127245107674,22.285854704673397
89.07248682509695,24.418812767226807,33.26160882967088,5.556925524510292,25.1907129362633,11.45242119916476,13.03529879685791,2.3011832554439695,25.508501541215075,19.67634483444367,19.0242617082629,9.77766729641046
104.55548902195609,23.117664670658684,29.357285429141715,7.014071856287425,24.81936127744511,7.853692614770459,9.668463073852296,1.8986027944111776,4.160978043912175,45.39311377245509,42.37914171656686,20.972055888223554
92.45238011961806,24.051484732957924,28.942429435836452,1.4438809415550349,27.485852191248995,8.691126578293868,10.495050890140254,1.066349550557868,9.440243433248225,26.328425028855236,22.193137700675038,19.7297051519709
91.77882523567803,22.36309955454263,27.408888428467833,5.632342277012328,29.643116129700612,8.257432922407542,9.36423909665389,2.6788563140992436,6.775303014606858,26.98912255257433,41.04309541075313,16.593079871542525
95.53764679530255,22.81207001375956,24.78695081757384,5.471632907746952,36.5835973248856,9.622636075645579,11.794118588205178,1.2094332981344598,4.119900163194778,39.68202617516239,39.09487696393715,15.576333557326166
83.46947018294132,21.95625021213047,24.131147540983605,6.168041272103995,23.55944744255507,8.875165461765604,11.492855445813394,1.783864508027017,6.682007942164749,28.108305332111463,30.46329294369209,23.407663849574043
106.1002731174405,20.87085446742099,20.635973468591494,4.579399141630901,32.716738197424895,7.847834568864612,26.698010144362076,2.0,3.614124073351541,69.94030433086228,21.83964104564963,12.954740538431526
100.99530295913574,22.1268201033349,30.4798027242837,3.0044621888210425,20.981916392672616,8.309534992954438,6.937764208548614,1.8703616721465477,2.9185063410051666,28.491780178487552,12.676139032409582,7.695631751996243
65.91972039822072,22.873331921203135,25.946409658970556,5.315081550518958,29.902457106545224,5.316458377462402,10.379686507095954,1.5701122643507732,11.685659817835205,26.326731624655793,31.3482313069265,11.587269646261385
78.79524921327784,22.398639732006902,26.493655466450107,4.907319053903157,23.688254999492436,7.220586742462694,15.220383717389097,1.8289513754948736,5.673028118972693,15.357831692213988,19.222718505735457,13.216729266064359
72.1124952812382,20.515430351075878,20.410721026802566,19.274160060400153,50.33616459041148,62.464750849377126,14.447668931672329,1.8032276330690826,2.9134107210268025,2.1815307663269157,22.489949037372593,6.739854662136655
92.7363813229572,19.42898832684825,21.37094682230869,2.6173800259403373,39.3375486381323,7.5405317769131,11.952172503242542,0.0,4.276102464332037,49.89105058365759,25.87046044098573,16.53923476005188
56.9366576819407,18.78796046720575,20.0,3.0,30.499101527403415,5.550763701707098,10.149146451033243,2.0,3.8589398023360286,3.0,16.21069182389937,14.615453728661276
106.8376860184695,22.264984412681606,27.94297394270925,5.916093170989941,27.76383742132816,8.36209634727369,15.705605552614552,1.8221869301805775,6.500970531145227,27.280748191282864,27.483853890947593,21.640374095641434
141.95437079731028,21.57492795389049,20.626080691642652,3.3703170028818445,37.00480307396734,6.4293948126801155,20.233909702209413,3.847262247838617,4.0,15.83597502401537,40.61743515850144,17.431556195965417
133.87316276537834,21.263835964434765,21.65160587915079,5.676283796044275,33.64126292868808,10.498094719651606,9.505534385773906,2.656686626746507,2.1157684630738522,20.881691163128288,80.0685900925422,16.78787878787879
94.51750722775458,24.287611093264804,29.02088017989078,5.578434521897419,33.07827390512903,8.328193596744834,9.306242638398116,1.434093586037049,8.191990577149587,40.11746439661634,31.172395331405934,11.977513652425314
93.64770627460432,25.49538041295091,32.802522696232025,10.412950911866313,30.11344098979674,14.685305696151683,12.912268016389492,2.0303687635574836,2.9732465654374547,2.7727966578291956,21.17233068209207,8.759540451514422
75.84698924359284,19.04873240410888,20.908518659426555,32.246394355480234,50.14090547504583,23.954760834226818,14.28291771867326,2.648082177567184,3.4714488292463597,2.612215958219486,22.37495244353751,7.2357417078822674
77.01330911101458,21.40776430630702,24.55609968010742,2.929070731803641,35.194502586785674,9.346036886378895,8.747166383634138,2.2136566486315705,11.590576991430039,47.36882429603886,20.12148019430512,16.568302989613365
77.48890042840452,21.304037388030636,24.63955601713618,7.674347656757107,28.44034791639621,9.540373880306374,9.891600675061664,1.3234454108788785,4.024795534207452,99.342204335973,35.01668181228093,16.92009606646761
76.83913911692922,25.208786332371865,32.54537386287996,2.3305968493454627,22.711559795873086,14.21411138229421,7.217217661415575,2.0,7.197470601286887,10.465941868205014,13.911914799201243,8.709784779232304
121.56142006679251,21.491142732684768,22.23181356178307,7.789095397125018,46.66369004404434,9.398141425874837,11.046778955520063,0.9046270751657712,4.583055031218238,98.45653646967718,30.208944387977347,39.697763903005665
99.96936011209715,23.063092013078002,28.87133115366651,3.5429238673517047,49.616926669780476,8.061597384399812,11.439177954226997,3.3035030359645026,5.020177487155535,74.84622139187296,41.143988790284915,21.8433815973844
90.60840480274443,24.166037735849056,28.984734133790738,29.27066895368782,39.03653516295026,20.75883361921098,15.869811320754717,2.5586620926243566,3.965180102915952,0.4993138936535163,16.02435677530017,9.754888507718697
79.96309643938302,23.12245927634424,29.44637451347845,0.0,22.336024217961654,6.794003171399741,11.055499495459133,2.049805391379559,8.113593772524146,10.227331699581951,14.548003459708807,7.923958483494306
79.75808088128714,24.45716770546456,31.143788954921003,6.273952746774895,25.100014494854328,7.170024641252356,7.722713436729961,2.0,16.104073054065807,18.758950572546745,47.00710247862009,14.016958979562256
81.1159420289855,20.120624303232997,22.06164994425864,13.114492753623189,25.474804905239687,15.846599777034559,11.522296544035674,1.4910813823857303,2.9198439241917504,2.4198439241917504,24.705239687848383,10.82675585284281
85.70750426378625,22.838544627629336,27.029846503695282,8.019329164297897,34.34877771461058,6.662450255827174,18.102330869812395,1.9370380898237636,8.124360432063673,39.999715747583856,26.807703240477544,10.679363274587834
84.92433257055683,20.78184591914569,22.508009153318078,3.622425629290618,20.703890160183068,8.004424103737605,12.065293668954997,0.9560640732265446,3.0057971014492755,10.796033562166285,29.77757437070938,29.83859649122807
113.09243145624693,25.392218026596616,32.41306846166475,9.198161221474306,24.513544573961582,8.295682153997701,8.24248891807585,2.547857494664259,20.928747332129372,12.309144639632244,12.509111804301428,9.751764899031357
88.23731195238882,19.645451038739186,21.45340827685017,3.807626604948476,23.592687496555904,8.672287430429272,10.319584504325784,1.9542624125199757,9.781203504711522,31.023282085193145,15.847963850774233,11.5724362153524
76.4546748932131,19.131941148552443,19.99050783103939,4.757949691504509,38.56858092074039,7.953962980541053,9.50498338870432,0.19791172282866634,42.83151400094922,2.1765543426672993,15.619838633127669,49.52681537731372
92.20091365102114,22.419712170070465,27.388749552131852,3.9582586886420636,36.02708109399259,9.089095903499343,9.12698554878777,2.475904693658187,7.389077988773439,38.44673354831004,39.899140093156575,25.479875791233727
73.87547116136832,22.719863452101556,29.3745110589574,1.686579901856198,31.063366759120974,11.296707204324017,10.01194794111372,0.7165919920347059,12.903065215845245,30.522935779816514,23.55565038048503,12.31000640068274
102.69546023794615,22.600469630557296,28.41865998747652,4.666844082654978,27.293268628678774,8.751815904821541,8.935848465873512,3.127614276768942,4.75560425798372,28.106512210394488,29.182780212899186,17.80995616781465
111.43888923095868,18.515854935040945,27.06889969829444,6.920448248260575,37.597684871621205,9.51770211193892,9.337540791823164,3.0758573979434765,2.878702050366357,1.0384212794778647,16.73616156640601,12.293639554214643
106.58177136972193,19.048815653964983,26.973326467559218,3.899794026776519,21.035633367662204,7.730895983522142,9.269927909371782,0.15746652935118435,2.746961894953656,20.52564366632338,29.14191555097837,11.529454170957775
119.44967581572129,17.758328182332285,26.648947223062457,3.1011875797309205,23.838933677025658,8.49653458184831,7.986743296026934,0.46931099333219356,7.672462090824204,25.850322869129503,14.768191801359864,16.869905440772257
98.94556488690002,19.01753202966959,26.62637160546803,4.756390608716974,22.462759762152885,8.492429350824496,7.157788267026298,0.32507815852387667,3.681297124992337,49.042297554097956,30.4006007478698,35.66983387482376
94.11701400751623,23.541168431841477,28.417919371370004,6.938247352237786,40.27767338571917,8.386744106593783,12.458062862999657,2.004355995900239,2.9768534335497097,40.33660744789887,32.66253843525794,9.977536727024257
80.08244531688166,21.7249953262292,29.077210693587585,1.18508132361189,30.44008225836605,6.27687418209011,16.549261544213874,2.0020564591512433,21.116283417461208,10.07478033277248,13.753037951018882,10.270704804636381
89.7370763437179,21.12927079767203,20.931530297843203,7.057035261896611,24.176857240671,8.350290996234166,9.397466621020198,0.2328654570352619,7.761999315302979,10.639575487846628,14.711811023622047,8.974118452584731
116.75885269121812,24.51514793830658,31.35983238904627,0.83469074598678,38.57831680830973,8.766328297135663,9.277561378659112,1.862232451998741,9.146935001573812,53.89185945860875,17.873642587346552,15.018728360088133
89.6706249124282,20.65664845173042,24.272978842650975,1.7824015692868151,28.207124842370742,8.93943533697632,9.66193778898697,2.0,4.42906683480454,24.458490962589323,40.5735252907384,18.944199243379572
84.10094067623847,21.83309549465591,27.23880944753473,2.8605585811224046,43.20828843521566,7.53595247109532,16.89920493927833,1.9513061711856015,10.53027346594053,64.44712700585374,23.902990942714855,18.2021725835105
87.11738484398217,20.86032689450223,25.01222996913933,5.434906846496743,25.917476283003772,8.36255572065379,8.506229283346668,1.8919876557320836,2.1255000571493885,45.860555492056235,16.417762029946278,12.912332838038633
111.96472177482205,24.077986179664364,30.155920403179717,5.341196030550216,27.28461578427807,7.457837585078194,17.00623473788123,2.3148542630020263,23.052163973606277,18.17909284563828,14.279472125526055,8.432482984361199
80.88811724175643,21.28293323125718,26.232022748400503,9.60228577678132,30.754743807076064,7.531470443484443,8.296494777710942,2.0,3.1154918794772244,13.289057800623393,24.849619948597365,11.404659047410728
101.54548595117457,23.000460617227084,31.06345002303086,3.2005988023952097,21.057231690465223,9.041110087517273,7.906264394288346,0.35099032703823124,3.0,2.987678489175495,21.432058959005065,6.9204283740211885
83.01429228133227,23.9237744995612,29.922395419783527,6.039157507626729,27.239876300722973,8.271678716202098,10.315767478791425,1.8787663504534247,4.163650800284174,8.485937565297338,36.287099335534286,17.90087341719253
118.29181257295315,25.904452226113058,30.91762547940637,12.790895447723862,21.863264965816242,8.724528931132232,10.157578789394698,2.0,5.364849091212273,2.67783891945973,15.834250458562614,8.236951809237953
77.19014887100221,23.06417836028207,28.13302229503526,3.9286630101859106,34.13070731533585,7.8832537930052,9.57539710805613,1.683097086687086,9.240152432509438,51.00167390839803,26.719638150865446,17.38774129211482
98.12741428857849,23.56048252355811,28.565127314041302,4.806422508855176,35.43524025930629,7.345886520082871,10.684354741696184,1.54026598944062,6.5113279422575685,44.166410479181984,19.074717636837534,11.276214662834994
78.3962820407829,20.105888133649987,22.990909835394316,11.24871017934649,24.489231021210383,7.866350012284006,8.765211694373924,2.0,5.690197363033331,17.720252231594465,31.24649905822619,21.550323478830563
68.20528221888526,22.72802755940288,28.262344315873158,1.7409681123575655,25.27091246356329,7.762476813002385,7.721535200070665,2.0,6.840296793569473,21.782086388128256,17.275770691635014,11.408576980832082
85.22635113662847,23.41600813542086,29.044299908900236,6.345140992775577,46.190843414334445,10.464121522849092,9.554797567848139,0.5653905637592423,4.706065549458698,50.33717505985042,21.001483019427553,30.86349865468952
118.25183671865791,24.18976152123522,28.840529603583075,4.708600165010019,24.509173771264685,8.832632695556516,9.14599457824225,1.0231799787844262,5.714964837150827,54.44929870742152,39.26279809845598,16.69374926334813
76.48052500132845,22.832084595355756,28.119294330198205,3.1545778202880066,33.155481162654766,8.178542961900208,9.603698389925075,2.32833838142303,9.747276688453159,44.25421116956267,36.93076146447739,18.654285562463468
69.72806285188277,20.671269239826174,26.53038768651125,4.677605805664376,25.529788281634662,8.099137285124055,8.90567936120566,1.988247382955494,5.337464945518378,22.972791300066362,26.522766681651788,9.982424592725794
115.43457623801135,19.16025641025641,27.855989430416912,3.817283225680172,25.342777451556078,15.274466627520063,9.291055000978664,2.5298982188295165,6.606576629477392,9.885104717165786,28.557056175376786,36.29301233118027
88.44072913482115,20.2226765515133,26.222103332314276,2.7303194741669214,24.09886120452461,8.513260470804035,10.615293488229899,2.188512687251605,3.073524915927851,52.11449098135127,27.400374503210028,26.037412106389482
81.86539260490237,22.79341503946822,27.563460739509765,2.9147278770253426,28.40049854590777,8.53926049023681,16.829040299127545,2.190070627336934,8.748961362692148,47.37235147486498,29.56335687577898,19.109887827170752
89.4815357952273,22.683242234368752,26.784028796160513,1.5424610051993068,26.356352486335155,7.821357152379683,7.530729236101853,2.146913744834022,7.884948673510198,17.145980535928544,17.47247033728836,14.779762698306893
85.67480998914223,21.01862524012361,25.21978618558423,6.947256326735154,35.42462206631588,7.643364236198113,9.238119101311284,1.8411843314123444,3.6431136724296334,41.98388039756118,31.103482836381858,18.35534118433141
73.85991068361388,18.90058399175541,21.744211611130197,5.173205084163517,24.035726554448644,9.17059429749227,11.375472346272758,2.0,10.241497767090348,13.300171762281003,15.647543799381657,9.372449330127104
70.86499321573949,20.93368385345997,22.5685210312076,11.801221166892809,34.29884667571235,7.30376526458616,16.371438263229308,0.41010854816824965,15.197761194029852,14.745251017639077,28.30223880597015,9.066316146540027
77.71002307945928,20.69337289812067,25.94625783053083,0.0,43.70046158918562,6.376360039564787,6.674909330695681,0.0,10.98236069897791,35.061325420375866,18.64556544675239,21.655786350148368
68.96999924431346,19.547797173732334,23.61747147283307,4.965616262374367,22.50895488551349,9.476838207511523,8.382755233129298,0.10995239174790297,9.125670671805334,43.32494521272576,16.12551953449709,11.18242273105116
84.80480242968774,23.557214717327344,29.068303331329684,4.329526400708659,32.45091587838907,8.201556518713025,8.614856528203992,0.2948527318168876,2.967572526811984,53.398620646018536,28.697712676769275,18.183270587490906
109.56420447488422,24.393513014780247,29.555492467928815,2.8473358292375663,27.64137049983144,10.963324402491173,10.248105892581487,1.3023829379513476,6.0046665128905765,33.189517202221474,17.373675899146544,17.632339111765646
71.90339425587467,21.318537859007833,27.278503046127067,3.815491731940818,22.676240208877285,8.128372497824195,9.248041775456919,0.0,3.0,1.8550913838120104,13.436466492602262,7.241514360313316
97.79775280898876,23.640449438202246,30.6384666226041,13.653337739590219,25.895241242564442,66.52974223397224,11.003965631196298,3.2481824190350297,6.700264375413086,1.749834765366821,29.67547918043622,6.326834104428288
86.68558888781712,19.672904408218386,21.5421047554741,25.207871129545673,23.901948490402237,77.33978007138035,18.482347834474776,0.14676376965370888,4.670975209800328,2.2619369152117295,16.66697212308286,6.69359506125205
46.475915539425934,22.027053777631146,30.04651930056087,0.0,19.741009567799406,6.767898383371825,10.087594853183768,0.024744308808973936,2.8726492906631473,17.52441438469152,12.127680633454306,14.636918508742989
76.92188666440448,21.148727519511368,25.200508992195452,5.7881235154394295,24.639871055310486,8.89650492025789,8.924804886325076,2.2768578215134037,4.586596538853071,17.504071937563623,34.94869358669834,17.97132677298948
93.79059490084985,21.1385835694051,26.73070821529745,5.959150141643059,23.57915014164306,8.769178470254957,7.797223796033994,8.782322946175638,3.6323512747875353,6.219603399433428,24.76838526912181,9.575127478753542
99.11245598591549,24.091475938967136,31.476232394366196,36.62118544600939,27.946706279342724,37.06686473004695,13.056081279342724,1.1952391431924883,6.487896126760563,1.8125733568075117,18.918610622065728,6.718676643192488
117.38577972515435,23.444732125074687,29.216490738896635,4.801633140808604,29.399322844054968,8.33021310495917,8.794463254331806,0.3736307508464449,2.829914359689305,2.3150766779525993,18.734714200358493,18.10017924716192
108.83547549168438,23.76584691158115,28.12313193671356,8.369260871031948,44.756299969638704,9.113854872988563,19.551867219917014,2.0904766724015786,23.92672806396114,14.259690314745471,12.835003204803833,10.628377694565327
82.1357056694813,23.354794933655008,26.65726779252111,2.9496381182147164,24.064083232810614,8.913148371531966,8.372436670687575,2.018094089264174,6.945566948130278,27.98884197828709,13.096501809408926,8.582931242460797
103.80378748027354,24.316465018411364,29.894266175697002,4.687638085218306,28.91877958968964,8.0612309310889,9.201157285639137,2.6737506575486587,10.456601788532351,42.19179379274066,13.406733298264072,18.749710678590215
102.3344777737622,23.215998072521383,26.087218407420792,5.438561619082038,30.807794241657632,9.625527044934346,18.280809541019153,0.5329478376099265,20.53246596795567,11.247018431514276,14.401517889410915,7.264666907601494
86.65711974110032,23.1668284789644,31.346925566343042,9.437864077669904,30.96084142394822,8.533009708737865,9.663592233009709,2.6454692556634303,8.997249190938511,31.292880258899675,21.298058252427186,13.27766990291262
62.79573211649443,21.986981613206282,29.492551335391223,21.03583411622601,43.78419004160515,43.720037578848476,11.897060797208429,2.2724466514561805,5.023486780297946,6.166420614682593,31.656690377130587,7.6153536438062
98.38011804908356,23.29099099099099,29.41761416589003,2.6045666356011186,39.65318421870146,8.19707983845915,9.104939422180802,2.0,3.5198508853681267,27.024510717614167,35.32531842187014,13.499440820130475
79.60132595174629,23.40400519445014,29.48663796049484,5.970405303806985,35.595721413437225,6.504681839928918,9.137037796459571,2.0,5.685804114551295,41.00902193971704,20.556626341330052,10.459162053174765
72.23291036884991,21.212943957205947,27.183802948311254,3.8453069602537786,45.37264415002799,6.900976550351434,9.59131056789202,0.06950923679791006,10.09168377184798,26.17568576226908,19.321795111028177,9.832431423773093
88.63168140157353,24.33019709627707,31.23740773785384,8.437829507664855,52.359072106415766,7.523237894395328,13.755211290453403,2.6139184037634844,8.857814907940627,42.21056046719117,24.82528996674507,23.23481223132452
82.3357742628393,23.150165983206406,28.346709627025973,1.1620777191954696,30.5033196641281,7.558679945323179,10.310583870337824,2.022944737355985,15.220562390158172,9.74780316344464,27.593829330208944,14.3174184729545
129.00636379706557,21.8668905780449,25.667491603323317,4.383065228919922,30.7820399505038,9.685699133816511,10.140357079724236,2.7876966590065404,3.190913911967474,21.522538447940605,26.23811207353721,10.3910199752519
109.25517487508922,22.21912919343326,29.875446109921484,3.325124910778016,42.331548893647394,10.56887937187723,9.05317630264097,2.0,3.1937901498929335,8.470378301213419,13.17094932191292,10.950392576730907
90.0684708183893,18.968209977176393,27.345288555591782,0.16563417019889143,25.298826214541897,8.646234104988588,6.923214867949136,3.874796217802413,7.908379523964786,25.371698728399085,25.1294424519074,11.975546136289534
114.66093061674009,20.460490088105725,27.741189427312776,27.999036343612335,36.889041850220266,52.641106828193834,23.116051762114537,2.9737059471365637,6.404185022026431,2.1711178414096914,20.456084801762113,8.751651982378855
79.7635285967208,18.864675544607806,25.995381417904703,24.075744746362865,32.016549919174814,29.645831729658994,14.717188823031329,1.5185128165653143,2.421445616195828,2.4049726733892696,22.422985143560926,6.820799014702486
117.90761556368473,20.27741935483871,27.788360492184903,2.603458596607915,23.998669770535418,9.831792484203525,10.052078483538411,2.58623212504157,12.40232790156302,21.676222148320587,27.73867642168274,14.713601596275357
122.01482541127511,19.87001755640809,26.142532024188828,1.9155341699720398,50.22530723714156,7.549385525716887,10.260159958384811,2.5769555887899083,3.528577930944795,30.49118928408869,31.28304831263411,21.38819168996684
114.17836824844387,19.639582357271937,26.893447560404258,2.355464828324744,21.140686701024027,8.05180376146175,10.023693193226691,2.5215849006090623,3.2130379492671173,27.690649889565623,24.53637641389465,14.733150391540057
109.17084887175274,19.71000568864168,27.368244738006446,6.540357752354465,25.230832437898997,9.973832248277606,11.453384741798875,0.0424119840718033,13.860122621831742,21.9878010239555,18.37393337968523,33.91808355982555
105.92300363762342,24.345574224839773,29.921358046076563,5.130434782608695,45.81915815000866,7.250476355447774,8.36895894682141,3.5306599688203706,2.7619954962757665,29.044257751602288,21.22397367053525,16.510306599688203
76.39463601532567,20.96925041752628,25.594459180666078,8.411042342076826,21.310344827586206,8.273111307594066,9.314863935553591,2.7077316042833286,5.216622458001768,18.962373514097653,14.138618724825621,11.446802239905688
101.5605801073427,18.641886490807355,27.447185109055614,5.846636976133379,38.09204065319173,8.019527235354573,11.348863766129954,3.0704579193787827,5.71211602146854,21.408016443987666,34.13315062235925,10.689162955350005
105.9727758872144,18.57243558580457,26.34346135148274,4.815508021390374,37.20320855614973,8.92756441419543,10.509965969859017,2.090666018473505,23.35877491492465,11.24161400097229,47.62809917355372,8.83835683033544
88.9168823326432,19.768719806763286,26.21506211180124,5.000345065562457,26.336438923395445,14.64005348516218,9.221316425120772,2.5819530710835057,6.122584541062802,16.2766994478951,21.228433402346447,10.021652864044169
89.20244477803989,22.72082350418186,27.672185288440918,5.914947458717564,29.907012652798628,8.136478661805704,9.434484237615269,2.379669740510401,5.373364786618057,42.94115376367146,23.47111301737079,17.281149474587174
84.95825995906905,22.118842511065633,28.875113036028747,17.8659273713769,23.79544048355623,6.946266241492552,9.994241111798582,1.730998048641188,6.67169577840179,24.024606158678786,14.372471562514873,16.560468326114894
101.11183915770609,21.91252240143369,28.366095430107528,1.5701164874551972,31.80969982078853,12.001064068100359,9.781193996415771,2.1759632616487457,5.83546146953405,27.132280465949822,42.94573252688172,21.133064516129032
89.28668901967221,24.370419001617858,30.97577903350606,3.2973106051724543,40.79230462613426,9.952542849773735,12.161387136861357,0.48427864662711906,12.06342469928955,55.44899059766935,49.3134188374874,17.506787966892542
91.26569559646639,23.374940993998248,28.766268797626275,4.73835052936813,31.190774833097308,12.660934655067773,11.29637871737811,1.780767415199946,3.2567266841998785,50.23467529840178,16.54663160024277,13.326252613122934
59.47005141388175,21.790359897172237,28.753341902313625,5.538688946015424,29.93547557840617,6.602185089974293,9.60706940874036,2.109125964010283,2.384832904884319,24.22879177377892,26.689717223650387,26.825064267352186
91.98104490500863,24.365673575129534,29.108333333333334,9.045250431778928,23.060146804835924,8.498791018998272,9.906822107081174,2.1437392055267703,3.5701640759930915,48.71778929188255,20.139248704663213,14.299352331606217
89.6623252167095,25.060765779500805,31.373437295813915,4.362329572679357,23.619331794223985,8.916278259354446,8.937274034063684,2.000043559698567,7.74373829333101,55.81147362460252,12.689070871629568,15.302042949862788
81.18269792274964,23.088429131559188,30.22123967631601,30.7414699257529,36.832568616000664,35.91390673229332,13.552014682572787,0.0,2.8857929423542172,7.496788187202803,17.27930257779261,8.144489864019354
96.99272698209718,24.742487212276213,30.46279571611253,4.469309462915601,25.300951086956523,7.688618925831202,9.502117966751918,2.9040521099744248,3.83284047314578,30.56605658567775,13.985693734015346,12.046675191815856
61.998477157360405,16.591116751269034,25.247208121827413,37.52690355329949,25.551269035532997,110.85101522842639,21.92944162436548,2.2961928934010154,4.373350253807106,2.386802030456853,16.13781725888325,7.284263959390863
114.88421681944997,23.560781187724192,30.45436428856118,5.6016341171781585,29.12893583100837,7.90613790354723,13.393383818254284,2.113591072140295,17.377640494220806,1.2395376644081306,15.147469111199682,8.464726982861698
100.468410976388,23.52318193168891,30.355844732388114,4.879859049415943,30.653145029272217,6.987736189339919,8.169695624427735,2.5372492439166505,2.862240226408812,85.54565633583974,20.15129990843761,25.21295191587359
123.85242904043552,24.12296887337406,30.551718405851307,5.877966172131488,29.267942484312016,8.498400033246062,9.7455637285459,0.5919253625898683,3.9200847774591696,67.65484353571874,23.160059011760794,23.373914308274113
125.49501069137563,17.132751247327157,24.912865288667142,2.427655024946543,42.042052744119744,8.297933000712758,16.23823948681397,2.1364932287954383,5.01015680684248,6.844084105488239,22.77209550962224,7.861368496079829
106.74940143655228,23.175401259200143,27.71907422186752,7.084685643344861,36.52567172120245,8.6682628358606,12.580562206260531,2.0564866542520175,8.980402589341137,84.44080872572492,27.948567881528774,18.10783009665691
78.79234710214537,22.90030953143345,28.37624079410823,28.347795922723876,32.07909061799552,17.88371224250187,12.485270573166828,2.0565161703490236,2.7460774895933397,2.2850357562173125,16.598729853773083,7.3234069804674995
79.04852049255652,20.27458187833119,23.564234515714023,2.8900937327697114,23.119279544201433,9.45322551001654,8.027568461679838,2.0,2.8114317221099063,2.4546958279727993,12.479507443484653,6.959933835691968
110.22171581769437,21.18069705093834,26.68337801608579,9.390348525469168,24.498927613941017,8.16005361930295,8.915281501340482,2.253619302949062,9.170509383378016,2.413672922252011,14.863002680965147,8.773994638069706
97.26369234533665,24.317686880632927,30.80196566208556,6.762081481179397,22.713918681946087,7.661555401492598,9.68944985930427,1.936421842502345,5.344928836507483,24.648219893152806,26.341054606255863,17.861506463847313
74.25072632190587,22.874782103428238,29.997385241138872,3.2937245787332947,39.82655432887856,8.001452643811737,13.497966298663568,2.0,16.02643811737362,4.045031958163858,16.569145845438698,10.844857640906449
46.51543361097501,24.398824105830474,30.30205781479667,8.222929936305732,25.287114159725625,5.018863302302793,6.3811856932876045,2.0,15.379715825575698,10.391229789318961,14.107790298873102,6.196472317491426
105.08805355303811,23.51081359423275,30.87384140061792,3.736354273944387,22.718846549948505,9.737899073120495,10.76519052523172,1.4850669412976314,6.401132852729146,16.59371781668383,12.656024716786817,10.468589083419156
127.84456435353663,22.109549504329276,28.520349688375788,6.641694901074999,23.654285355753544,9.704187058183795,12.281507508261178,2.00163132137031,2.9068891956330782,46.42209394737943,29.67151880202451,37.67386121219727
68.44714341235911,18.41197046249514,25.656820831713954,5.773610571317528,24.216478818499805,7.8342401865526625,13.366109599689079,2.2141469102215314,6.265060240963855,14.424990283715507,18.791682860474154,10.466187329965022
68.23673853226987,22.223572846644142,27.590853679774302,5.787572707324719,44.259935216467554,7.172233638675072,9.343701020514786,1.9985719758977396,8.480199226777193,33.68266518059281,26.72167461948382,16.230434328306224
89.34145065674764,20.336219923282577,21.32872253864931,10.932116703475533,27.98738812042311,8.873764965709636,11.52167848424968,1.9973265140067418,9.454492618853887,18.42089968615599,52.82837382308497,9.596826688364525
71.93220247127682,22.496368957294603,28.628712334706265,5.895295902883157,35.121125081292,7.780023845653588,10.487806199869933,2.1183069585952743,15.988998482549317,25.296986776501193,19.912096249729025,13.927975287231737
95.1738746690203,22.499117387466903,28.354810238305383,2.4876434245366283,24.645631067961165,8.119152691968226,12.419240953221536,0.0,11.457193292144748,19.38614298323036,13.104589585172109,8.377316857899382
135.3105518763797,20.41951434878587,28.637262693156732,4.6602207505518765,27.536777041942607,10.20344370860927,9.259690949227373,4.390816777041943,31.22083885209713,71.57041942604856,12.949757174392936,19.365474613686533
117.07433838834375,21.55188819506393,24.528991971454058,3.9708593517692536,19.762414510853404,10.223907225691347,9.560511448111805,2.967885816235504,2.542967588462682,40.163841807909606,15.555159084151056,14.190900981266726
77.59904270986745,22.8379970544919,24.121870397643594,34.652061855670105,51.35088365243004,53.82658321060383,14.391936671575847,1.8860456553755522,4.23159057437408,1.2135493372606774,23.67544182621502,7.357142857142857
102.01556049539536,21.044140997141948,20.435058748809144,30.645601778342332,29.17942203874246,0.9879326770403303,14.27786598920292,1.6922832645284218,2.317878691648142,2.5487456335344554,19.116862496030485,8.769768180374722
138.2301532033426,20.62151810584958,27.857938718662954,0.018105849582172703,42.96448467966574,9.65842618384401,8.776462395543176,0.0,3.347841225626741,15.269846796657381,22.741643454038996,8.834610027855152
90.49654218533887,23.71544005241319,31.63492756788236,6.429642571158186,23.289218897867073,8.985004003785397,9.042076144718644,2.268180825507753,2.8202664337191528,1.7888913154254933,15.315498289291694,6.049646938924074
128.46739832149774,22.342156229825694,28.6583279535184,13.852808263395739,24.290187217559716,9.064719173660427,10.70093608779858,2.0,10.076178179470626,12.10635894125242,14.817301484828922,9.495480955455132
127.92634747436742,21.640955695607186,26.232903771987583,5.597968206189446,51.09952027090584,9.955225284545199,9.381713855705014,2.139591759947324,11.940645282663908,8.201956542187942,16.355093594205623,7.6873295080425175
99.50729770992366,21.84613740458015,25.49593893129771,5.727114503816794,25.0393893129771,8.162320610687022,7.924732824427481,1.4526412213740458,3.201312977099237,23.75902290076336,13.354137404580152,16.42836641221374
102.97635183850036,18.44484498918529,26.145493871665465,6.075558759913482,31.67382840663302,8.377361211247296,8.502090843547224,2.8673395818312906,2.840807498197549,24.5126171593367,12.73467916366258,12.463302090843547
82.83380540457782,19.94189696088188,19.611115364005204,4.920079614177448,26.19788716221389,8.939294189696088,11.128377861134503,2.000306208374799,3.9627191303682157,34.771338896118806,32.07800658348006,20.870167649085204
126.83515815085158,17.51824817518248,18.241484184914842,2.6064476885644767,28.951338199513383,8.58941605839416,9.754257907542579,2.0,18.40815085158151,21.738442822384428,13.358880778588809,20.048053527980535
111.88608286410623,22.9662996890495,30.427346835868562,3.8766282880914362,25.48945289520128,8.32624590301706,13.984998739389864,2.0495839986553492,10.492226237498949,45.897848558702414,14.982939742835532,14.009706698041851
127.3859649122807,21.71746530505368,27.274679235401937,5.343807279392511,20.617962817491488,7.545168892380204,8.780832678711704,0.13144802304268133,3.741031683686829,24.168106834249805,37.84158156585494,14.615868028279655
121.31687125321153,22.211152345608525,26.161004852983158,4.326482062993625,43.14463792939385,10.85060424398135,10.010276905509564,4.55552383671139,5.010657531639547,88.36977828527928,22.26777048244362,25.84613188695404
