label,DAPI1st,DAPI2nd,DAPI3rd,MBP488,GAD647,GABA488,gephyrin594,GS594,Synapsin647,VGluT1_647,PSD95_488,NR1594
1,81.43587397045366,17.301477317296378,19.562818669107074,2.4816315858282127,42.60282389854883,0.31428944960125504,8.040658909661394,7.277552621257681,21.194143025232055,14.299516276637469,45.0057523859328,4.38357955288273
2,106.93819353299129,17.791671638229328,19.32979358071829,2.039613411287436,37.51771864932586,2.0416418088533588,9.614604462474645,8.865887125641331,25.72604701109653,8.212385156902517,51.27192459133755,8.521059539434434
3,87.81796690307328,15.01457840819543,14.925925925925926,0.0,25.04373522458629,0.06855791962174941,8.073286052009456,9.408983451536644,23.47911741528763,12.682427107959024,2.4164696611505123,2.8991331757289203
4,101.82000883392226,16.877650176678443,17.626987632508833,1.2714222614840989,35.78798586572438,5.7553003533568905,9.193242049469964,9.333701413427562,18.564929328621908,18.48498233215548,40.01258833922262,3.692137809187279
5,105.75628705786137,16.604784297689633,16.393580044980578,1.2242895113473726,21.819464322224494,0.005111429155591904,10.859333469638111,5.995910856675526,23.043549376405643,4.178286648947045,0.6806379063586179,13.094868125127785
6,80.9520352297072,18.37026898357534,22.324684598905023,0.0,22.702213758628897,8.202689835753391,9.286836467507737,8.912877886217567,20.720185670078553,7.094144251368721,11.347536300880742,2.857295881932873
7,85.56845425867508,17.654763406940063,19.954195583596213,2.0,22.085552050473186,8.168958990536277,9.046182965299684,7.972365930599369,31.42018927444795,19.26018927444795,31.761640378548897,2.8972870662460566
8,113.2159687773563,18.577728333819667,25.134009337613072,2.268930551502772,27.8422089290925,5.128063904289466,9.733914502480303,9.327473008462212,24.88543186460461,16.703457834840968,51.496060694484974,3.6065436241610738
9,113.71988795518207,15.046685340802988,16.0,2.0,26.094304388422035,3.957983193277311,10.865546218487395,8.0,19.80392156862745,10.857142857142858,28.566760037348274,2.3380018674136323
10,94.85606936416185,15.041040462427747,15.0,0.3895953757225434,27.17514450867052,0.05086705202312139,10.354335260115606,9.40635838150289,72.70867052023121,7.0,1.6098265895953756,26.83872832369942
11,102.06386049308479,18.28165965123271,21.171978352375227,2.0,37.39374624173181,1.1048707155742634,9.209380637402285,11.387853277209862,31.749609140108237,5.692844257366206,30.118941671677693,3.1301262778111845
12,142.47010773354913,19.298745637549946,22.134135855546003,2.6792018613120225,32.096100348996,5.776844873805068,11.246370947347124,9.237747205503009,39.42939153305346,11.581103636639522,64.19351575539932,8.096403823782307
13,114.89132553606238,16.017543859649123,18.227826510721247,2.0,23.43859649122807,2.5974658869395713,8.689571150097466,8.470760233918128,17.714668615984404,7.785575048732944,17.73635477582846,2.5255847953216373
14,72.06480585878127,17.194832112753904,19.056238772972225,2.677628851734144,28.70139560591405,4.105430426972503,9.13444797568053,12.631477131408042,37.55520243194694,5.9625535442863065,38.54138455160978,8.630233522177697
15,93.99862593806152,18.337807842722757,20.624669696649402,2.149772751294789,63.466335482507134,0.0351971250396364,19.713243843145545,8.904238452594862,22.5273226931614,25.176408413486946,53.47320579219956,6.20843462636085
16,104.86435109129313,17.653133067355082,19.190096221544238,0.0002346866932644919,24.980990377845576,2.142689509504811,15.651959633888758,10.427833841821169,13.244778221074865,10.569584604552922,20.564421497301105,4.736446843463976
17,104.6191102123357,20.49989888776542,26.24777553083923,3.651668351870576,29.78958543983822,6.646309403437816,11.359453993933267,9.646916076845299,30.014459049544996,11.453538928210314,44.60460060667341,4.649191102123357
19,93.81760153195563,18.839942551663608,22.015239767015082,2.0,31.279262746349637,3.7647809782175057,8.667836910556131,9.491741801643661,30.020505864517673,9.39288278943589,37.153035984999605,4.20729274714753
20,96.55325443786982,16.0,15.0,2.0,25.374260355029588,3.477810650887574,9.57914201183432,9.0,35.19304733727811,9.585059171597633,22.356508875739646,4.1109467455621305
21,96.45226956631686,18.831963585788344,22.86180300922999,0.08673662915665697,21.031988873435328,3.02200025287647,8.393475787078012,8.12353015551903,22.64774307750664,12.804020735870527,30.634593501074725,3.065242129219876
22,120.76934187390103,16.928095955790003,19.206229590555136,0.5457799547852299,35.55143180105501,0.0,11.17282089927154,6.91572469228837,23.111906556141673,14.233735242401407,26.837038432554635,10.108327053504144
23,77.10573630136986,17.960188356164384,20.72945205479452,2.601312785388128,38.54794520547945,4.2117579908675795,9.367294520547945,14.761986301369863,31.583333333333332,4.1923515981735155,56.84346461187214,9.960759132420092
24,92.0011366058109,19.406620728848477,25.394544292107692,0.0,23.41351140157704,3.2570149889891313,9.170206720181858,9.200326774170634,23.902678127441927,12.267670668466293,28.042693755771825,3.528663777793564
25,110.23585072515034,18.20392642377078,20.663424124513618,0.07366466218606296,25.37150689777149,0.7611425539441103,10.007251503360452,12.03342766183233,27.734789529536613,17.599310222851077,48.42925362575168,3.0664131588256103
26,85.37225861577897,15.46368555966961,16.958131586442608,2.0,24.023639988607233,4.378524636855596,8.939903161492452,8.032469381942466,15.857305610937056,4.437767017943606,2.324124181144973,2.324409000284819
27,119.42706393544383,14.559279950341402,16.0,2.0,27.17070142768467,2.595903165735568,10.031036623215394,8.0,35.20794537554314,11.54872749844817,28.330850403476102,3.0
28,113.60986371212864,20.015785861358957,24.298460633395432,2.2877733111089325,22.817727228159622,7.235317187959604,9.66535934895578,9.797725267183058,22.115599568585154,17.76625159329346,23.102068830277478,11.284733797431121
29,103.09903867650347,18.797451374916164,21.782249049854684,2.761904761904762,20.536105522021014,6.213503241672256,9.947462553096356,9.991504583053878,24.242566510172143,4.937402190923318,14.442432372009836,3.132349653476414
30,105.84465408805032,19.598034591194967,22.54677672955975,0.3137578616352201,20.972877358490567,5.853144654088051,10.35314465408805,10.209827044025158,11.887971698113208,3.250078616352201,41.45880503144654,8.83938679245283
31,109.57979199669398,18.93436187065225,25.38721675046491,2.0267924788208553,22.086162958881467,0.5925339210689441,10.439010951167436,9.007300778290515,26.245471451201873,19.2353467869688,29.707555616778016,4.588814656656795
32,105.09893249135469,19.920162381596754,26.133814463990376,2.0126296797474064,31.99639152007217,0.7403397985265374,10.016388513005563,11.947827394376786,34.79491805743497,20.22312434220418,35.812659750413474,5.171703503232597
33,102.60684624017958,19.330527497194165,23.450280583613917,2.2750841750841753,22.18372615039282,9.643434343434343,9.696071829405163,10.696071829405163,37.193153759820426,11.522446689113355,21.433557800224467,11.449382716049383
34,117.18032484311554,20.61890919158361,26.41016057585825,2.5241325212255443,36.69624400147656,6.790236249538575,8.876153562200074,10.490217792543374,26.677879291251383,12.137135474344777,46.812430786267996,6.519748984865264
35,94.58515316389655,19.100469553551463,26.110456883058806,2.215323842885891,24.05232168144891,6.681970634269956,9.283819035551911,13.073414325109935,22.963851829768206,16.662964895282105,39.54788700901841,6.549973913691585
36,103.40952671755726,19.836702290076335,26.528671755725192,2.7652519083969467,25.3033893129771,4.925068702290076,8.71987786259542,10.483419847328245,23.516885496183207,20.34363358778626,24.770870229007635,10.048
37,99.75561172293435,19.66082927122826,26.73785881928146,2.0,32.60552446289944,3.861286634169826,8.970752843473552,44.04772221219233,26.672985496780406,21.472829030510923,53.382018414876335,6.563940542817597
38,102.60148236879539,19.612038631429215,24.092984951710715,0.6216216216216216,24.452047615482517,13.949389833046343,72.34992887624466,12.97312270719473,17.742681739911657,5.0279254323575655,2.3316613011903873,2.9717002320880437
39,95.56258434547908,18.03711201079622,26.85391363022942,2.1818488529014846,38.62314439946019,6.6867408906882595,8.715587044534413,13.876349527665317,24.63697705802969,8.789642375168691,8.739372469635628,24.416497975708502
40,112.5639199841028,20.684109425713718,27.149466781479763,2.1714247863814005,30.093495396436378,6.06815923693449,9.155461349937074,10.562893290057627,49.70782274624098,14.284029939723125,25.10220573623899,4.532854209445585
41,137.05066250974278,20.737334372564302,25.11847233047545,2.986749805144193,22.593920498830865,0.0,10.56664068589244,8.44738893219018,29.125487139516757,30.05533904910366,83.09898674980515,4.349961028838659
42,120.26437604390361,19.18293167899467,26.324663962459237,2.020361091227233,28.70138391791935,6.374731567644954,9.427503380259285,10.02143482064742,44.634852461624114,17.017020599697766,52.64240833532172,5.066849598345661
43,117.83357253412129,20.830083016744055,26.05172365273674,2.19000984944421,38.315716898832136,7.564738989728437,9.648684395666244,12.328633741381736,35.84769945124525,14.594428028704094,45.02552413113831,7.347488391726467
44,80.6064131017066,21.769419147470728,26.106987066656462,2.0912986913599143,23.3468278870437,6.807453891482361,7.893931277263335,9.108976811816024,22.127573276191935,11.362286676360297,27.59072472641004,3.316063365730466
45,76.73272526257601,23.990602542841348,29.803206191265893,2.782752902155887,22.97070204532891,5.102819237147595,9.081260364842455,7.98922056384743,14.197622996130459,8.747650635710338,4.975400773908237,6.147318960751797
46,99.20443875373452,22.962740076824584,28.35795988049509,2.257447716602646,32.606572769953054,3.737772087067862,8.119035424669228,10.208322663252241,40.302134016218524,20.47067861715749,56.39684165599659,4.609475032010243
47,107.96479647964796,21.067656765676567,22.513201320132012,3.1635496883021634,34.22992299229923,8.747524752475247,6.011367803447011,10.46956362302897,17.284195086175284,14.027869453612029,48.22460579391272,12.036303630363037
48,136.8457245110988,26.671211282007583,33.87299220314431,2.0,22.086660133782114,5.823910357462401,8.937752971752376,8.846704443781688,29.419709428656642,35.670614801244085,30.61407694601849,6.323036939201568
49,104.87335228162836,24.552894836962604,27.837611619631627,2.2363986303515877,34.71308998948146,5.32177785735067,9.415146700087282,13.001432312064992,33.970727122171745,20.540787324038224,37.313407783720876,17.74903207036233
50,74.9811046511628,19.96511627906977,21.76951827242525,2.385901162790698,24.411233388704318,6.659676079734219,8.397736710963455,11.346449335548172,31.541320598006646,13.12531146179402,24.297757475083056,6.85641611295681
51,82.45444534175171,22.92592320681301,29.340136553850673,2.4750018354012187,30.05219881066001,4.496732985830703,6.911460245209603,9.545481242199545,29.607738051538067,14.498348138903165,36.07686660303943,6.231333969605756
52,85.7242060877586,21.991962050336014,25.84833311371722,2.090921069969693,28.378442482540517,0.5505995519831335,8.153511661615497,7.74351034391883,28.065160100144947,11.468836473843721,31.045987613651338,4.502503623665832
53,104.84625105307498,22.80665543386689,28.930918281381633,2.0,163.68997472620052,120.5273799494524,7.724094355518113,25.427127211457456,57.80707666385847,14.405223251895535,2.7910699241786014,3.2122999157540018
54,78.24358602696043,21.231011740832006,25.5146760400058,0.8857443107696767,29.291382809102767,4.703761414697782,7.808812871430642,8.9384693433831,19.494673141034934,14.942201768372227,47.670604435425425,3.1111392955500796
55,75.29534356470178,20.278252528775724,20.900244157656086,2.821852110219742,34.27581095221486,19.195064527380538,8.557115451691663,14.545866759679107,19.788978025810952,7.293250784792466,2.574729682595047,3.901028950122079
56,78.08958333333334,21.018125,25.4625,1.5483333333333333,53.39270833333333,36.545625,30.852708333333332,24.956666666666667,23.651458333333334,8.894375,2.489375,7.484583333333333
57,64.66785252263907,16.782341526520053,19.121927554980594,2.0,28.010996119016816,3.94987063389392,6.049159120310478,7.534282018111255,28.11772315653299,5.518111254851229,1.0666235446313066,1.2503234152652005
58,66.74280575539568,20.47661870503597,19.883812949640287,2.0,78.63812949640288,12.996043165467626,5.012949640287769,9.937410071942447,44.19856115107914,12.497122302158273,71.06690647482014,24.04640287769784
59,111.27372702621271,24.334714271366877,30.805639248769708,1.893517123631616,28.99173947976298,7.8111127849753945,9.47845736667671,8.532740785377122,61.57720699005725,16.192578085768805,10.278572863312244,4.354273375514714
60,93.56799721513111,20.249303782780228,23.057960083546067,0.8704455790206544,26.064690183337202,3.8166627987932236,8.706428405662567,11.023033186354143,19.471397075887676,9.272046878626131,26.249593873288465,5.840334184265491
61,100.67684021543985,19.0,18.543087971274687,0.0,31.179533213644525,13.059245960502693,7.0,11.840215439856374,25.5556552962298,8.85278276481149,11.543087971274685,5.814183123877918
62,76.57590220212677,24.12840157414385,29.24972787406849,2.034036674202462,24.234614418487816,5.190111362304279,8.013103910240309,8.307962823411204,20.877459599765555,11.930084568366407,31.97889977392615,3.788327890814703
63,117.25330979699912,22.951372252343127,26.158870255957634,0.05627705627705628,29.644139032488546,7.090362711721935,11.933215651662254,9.18375152355735,22.478628167948557,17.661665195645778,34.01185222544446,3.4780817887614006
64,92.6027397260274,21.14104109589041,23.278904109589043,0.6334246575342466,50.95210958904109,3.519013698630137,9.96986301369863,14.291287671232876,43.92832876712329,44.66060273972603,98.4373698630137,8.83090410958904
65,98.21736978373438,23.12343892780993,28.165625951873288,1.962381967712458,31.365747791653973,6.80707432226622,9.682036247334755,8.953662808406945,13.191631130063966,16.006358513554677,38.987701797136765,6.150472129150168
66,92.20855920114123,22.905563480741797,25.05011887779363,2.0,24.23471231573942,13.661721350451735,8.400951022349025,10.259533999048978,16.456015216357585,14.844698050404185,10.40228245363766,6.794674274845459
67,117.37597958811737,19.286130854747586,20.06096227446692,1.9834153453617642,23.095862948788046,4.5029159832330965,8.58784399489703,10.36358665937671,13.577638053581191,8.508292327319118,19.84481501731365,6.735739019500638
68,61.04290548706793,20.188663282571913,24.471476915639354,2.0,26.042422044960116,1.5502779792119894,7.111312545322698,8.268310369833213,46.68733381677544,33.91273869954073,17.702683103698334,11.604181774232536
69,78.18005713265488,23.822174611676488,30.045527584359935,1.8910908766291734,29.010801642563827,4.520085698982324,7.008748437778968,8.46223888591323,15.228173540439208,9.312265666845207,31.319942867345116,6.528923406534547
70,110.33505320864238,18.931634956465658,18.058045791680104,2.439213157046114,32.235730409545305,2.6278619800064495,8.08352144469526,10.43437600773944,11.883908416639793,17.497258948726216,63.580135440180584,3.6239922605611095
71,137.960088365243,19.002282768777615,20.870618556701032,2.9436671575846836,42.71723122238586,4.839101620029455,7.065758468335788,11.689175257731959,20.241752577319588,14.456848306332843,62.453092783505156,11.188659793814432
72,97.50036363636363,19.520872727272728,19.877236363636364,3.2168727272727273,55.42181818181818,8.195054545454546,7.447563636363636,7.752145454545454,42.89221818181818,10.778036363636364,36.70065454545455,15.930909090909092
73,108.88780744442982,24.504274628436143,30.427199789556752,2.0,21.842036038405894,7.590293305274234,8.267525976588189,8.691174536367223,22.025779297645666,19.466000263054056,41.636196238326974,8.147310272260949
74,82.92521802325581,21.461337209302325,23.49549418604651,2.949418604651163,30.09484011627907,3.655450581395349,9.322747093023256,9.509447674418604,21.097601744186047,14.690043604651162,17.789752906976744,2.6244912790697676
75,76.43752416435275,21.604477874239922,26.42589012688482,1.1693086359003197,26.510983796703105,5.983937295701382,7.701311025974483,15.022459667498506,19.27236301008752,14.064918632034024,44.39576816280623,7.910547959649924
76,97.83451209784631,24.075724541345387,29.094442967295933,0.13352831693698483,45.34703536293539,9.490561021005052,10.0646636532837,10.2256314809891,29.700452007444827,27.4453602765222,49.61132677479394,12.121350704599841
77,79.88935504070132,19.747463994990607,21.132874139010646,1.4382592360676267,21.902442078897934,6.592485911083281,8.467376330619912,11.442141515341264,18.78440826549781,10.806261740763933,33.425610519724486,9.302567313713212
78,61.50294227188082,18.819664804469273,21.389944134078213,2.0,22.46584729981378,6.962905027932961,7.9004841713221605,9.21929236499069,26.892737430167596,10.123054003724395,32.80461824953445,6.207299813780261
79,74.40037031761857,24.637516023358497,29.757014670274888,2.0,33.59165361059678,5.2627830793334285,8.236575986326734,18.67625694345535,18.307506053268764,9.647770972795898,5.437402079475858,11.506053268765132
80,113.02271114265436,23.163270134171484,29.452228868836393,2.079995944438812,42.78708303761533,2.3301226807259456,8.983068032038933,10.827030315319883,37.616276318902294,37.729865828517354,90.61168001622225,12.600358241238299
81,90.57732447817837,19.950189753320682,20.0,1.5426944971537002,39.10056925996205,11.577798861480076,7.381404174573055,10.332068311195446,38.854838709677416,7.694022770398482,60.16982922201139,6.731973434535105
82,86.04111397875278,19.598343436768502,20.35406038052938,1.9536042254366484,28.34643778884821,0.7127423323930137,8.286777504351479,13.034571754396495,16.69569653682252,12.974551347458135,39.67853070043815,10.975571694376088
83,72.93255476084042,19.93825435851587,21.132487706750112,2.0623603039785428,25.065768886902102,8.331303084488153,8.971949038891372,12.89640143048726,20.47362539114886,9.909421099687082,2.3765087170317387,3.0545932051855162
84,103.81862760408534,23.769185120404785,29.07152450260799,2.101446106755786,32.72452134803385,4.550926070525033,8.48546084892401,9.033919480276102,17.27844582565512,17.012555829715463,47.11275260018115,6.518974294905831
85,85.50848810214741,22.849463145676147,27.893136970400466,2.0977219965177016,24.712782936738247,1.5570951828206616,10.793238537434707,9.949143934997098,13.772489843296576,8.110998258850842,2.0364915844457343,2.8557022634939058
86,108.28808955469586,23.651082393612644,30.874310642851263,2.579060004938678,34.51839657584986,7.650176969297885,8.645320602518726,10.425220182731088,31.678656679562103,31.395011935138694,27.33829944851428,6.467775125524734
87,121.82075471698113,22.66188679245283,26.905584905660376,2.246490566037736,26.57532075471698,4.441358490566038,9.72822641509434,9.439471698113207,49.27683018867925,19.1148679245283,62.9571320754717,8.394188679245284
88,88.36566660235385,24.212666409415398,30.710640555662742,2.2779760756318734,27.45842176345746,7.193469033378352,7.401649623770018,11.172969322786031,27.941346710399383,21.840439899672006,48.15198726606213,4.125024117306579
89,91.64650165311411,20.38271825574122,20.918327227236173,1.9925833258868735,32.511571798766866,7.477884013939773,8.842820123313377,22.659190420873916,34.736127245107674,22.285854704673397,46.17558752569029,4.3073005093378605
90,89.07248682509695,24.418812767226807,33.26160882967088,2.3011832554439695,25.1907129362633,5.556925524510292,11.45242119916476,13.03529879685791,19.0242617082629,9.77766729641046,19.67634483444367,25.508501541215075
91,104.55548902195609,23.117664670658684,29.357285429141715,1.8986027944111776,24.81936127744511,7.014071856287425,7.853692614770459,9.668463073852296,42.37914171656686,20.972055888223554,45.39311377245509,4.160978043912175
92,92.45238011961806,24.051484732957924,28.942429435836452,1.066349550557868,27.485852191248995,1.4438809415550349,8.691126578293868,10.495050890140254,22.193137700675038,19.7297051519709,26.328425028855236,9.440243433248225
93,91.77882523567803,22.36309955454263,27.408888428467833,2.6788563140992436,29.643116129700612,5.632342277012328,8.257432922407542,9.36423909665389,41.04309541075313,16.593079871542525,26.98912255257433,6.775303014606858
94,95.53764679530255,22.81207001375956,24.78695081757384,1.2094332981344598,36.5835973248856,5.471632907746952,9.622636075645579,11.794118588205178,39.09487696393715,15.576333557326166,39.68202617516239,4.119900163194778
95,83.46947018294132,21.95625021213047,24.131147540983605,1.783864508027017,23.55944744255507,6.168041272103995,8.875165461765604,11.492855445813394,30.46329294369209,23.407663849574043,28.108305332111463,6.682007942164749
96,106.1002731174405,20.87085446742099,20.635973468591494,2.0,32.716738197424895,4.579399141630901,7.847834568864612,26.698010144362076,21.83964104564963,12.954740538431526,69.94030433086228,3.614124073351541
97,100.99530295913574,22.1268201033349,30.4798027242837,1.8703616721465477,20.981916392672616,3.0044621888210425,8.309534992954438,6.937764208548614,12.676139032409582,7.695631751996243,28.491780178487552,2.9185063410051666
98,65.91972039822072,22.873331921203135,25.946409658970556,1.5701122643507732,29.902457106545224,5.315081550518958,5.316458377462402,10.379686507095954,31.3482313069265,11.587269646261385,26.326731624655793,11.685659817835205
99,78.79524921327784,22.398639732006902,26.493655466450107,1.8289513754948736,23.688254999492436,4.907319053903157,7.220586742462694,15.220383717389097,19.222718505735457,13.216729266064359,15.357831692213988,5.673028118972693
100,72.1124952812382,20.515430351075878,20.410721026802566,1.8032276330690826,50.33616459041148,19.274160060400153,62.464750849377126,14.447668931672329,22.489949037372593,6.739854662136655,2.1815307663269157,2.9134107210268025
101,92.7363813229572,19.42898832684825,21.37094682230869,0.0,39.3375486381323,2.6173800259403373,7.5405317769131,11.952172503242542,25.87046044098573,16.53923476005188,49.89105058365759,4.276102464332037
102,56.9366576819407,18.78796046720575,20.0,2.0,30.499101527403415,3.0,5.550763701707098,10.149146451033243,16.21069182389937,14.615453728661276,3.0,3.8589398023360286
103,106.8376860184695,22.264984412681606,27.94297394270925,1.8221869301805775,27.76383742132816,5.916093170989941,8.36209634727369,15.705605552614552,27.483853890947593,21.640374095641434,27.280748191282864,6.500970531145227
104,141.95437079731028,21.57492795389049,20.626080691642652,3.847262247838617,37.00480307396734,3.3703170028818445,6.4293948126801155,20.233909702209413,40.61743515850144,17.431556195965417,15.83597502401537,4.0
105,133.87316276537834,21.263835964434765,21.65160587915079,2.656686626746507,33.64126292868808,5.676283796044275,10.498094719651606,9.505534385773906,80.0685900925422,16.78787878787879,20.881691163128288,2.1157684630738522
106,94.51750722775458,24.287611093264804,29.02088017989078,1.434093586037049,33.07827390512903,5.578434521897419,8.328193596744834,9.306242638398116,31.172395331405934,11.977513652425314,40.11746439661634,8.191990577149587
107,93.64770627460432,25.49538041295091,32.802522696232025,2.0303687635574836,30.11344098979674,10.412950911866313,14.685305696151683,12.912268016389492,21.17233068209207,8.759540451514422,2.7727966578291956,2.9732465654374547
108,75.84698924359284,19.04873240410888,20.908518659426555,2.648082177567184,50.14090547504583,32.246394355480234,23.954760834226818,14.28291771867326,22.37495244353751,7.2357417078822674,2.612215958219486,3.4714488292463597
109,77.01330911101458,21.40776430630702,24.55609968010742,2.2136566486315705,35.194502586785674,2.929070731803641,9.346036886378895,8.747166383634138,20.12148019430512,16.568302989613365,47.36882429603886,11.590576991430039
110,77.48890042840452,21.304037388030636,24.63955601713618,1.3234454108788785,28.44034791639621,7.674347656757107,9.540373880306374,9.891600675061664,35.01668181228093,16.92009606646761,99.342204335973,4.024795534207452
111,76.83913911692922,25.208786332371865,32.54537386287996,2.0,22.711559795873086,2.3305968493454627,14.21411138229421,7.217217661415575,13.911914799201243,8.709784779232304,10.465941868205014,7.197470601286887
112,121.56142006679251,21.491142732684768,22.23181356178307,0.9046270751657712,46.66369004404434,7.789095397125018,9.398141425874837,11.046778955520063,30.208944387977347,39.697763903005665,98.45653646967718,4.583055031218238
113,99.96936011209715,23.063092013078002,28.87133115366651,3.3035030359645026,49.616926669780476,3.5429238673517047,8.061597384399812,11.439177954226997,41.143988790284915,21.8433815973844,74.84622139187296,5.020177487155535
114,90.60840480274443,24.166037735849056,28.984734133790738,2.5586620926243566,39.03653516295026,29.27066895368782,20.75883361921098,15.869811320754717,16.02435677530017,9.754888507718697,0.4993138936535163,3.965180102915952
115,79.96309643938302,23.12245927634424,29.44637451347845,2.049805391379559,22.336024217961654,0.0,6.794003171399741,11.055499495459133,14.548003459708807,7.923958483494306,10.227331699581951,8.113593772524146
116,79.75808088128714,24.45716770546456,31.143788954921003,2.0,25.100014494854328,6.273952746774895,7.170024641252356,7.722713436729961,47.00710247862009,14.016958979562256,18.758950572546745,16.104073054065807
117,81.1159420289855,20.120624303232997,22.06164994425864,1.4910813823857303,25.474804905239687,13.114492753623189,15.846599777034559,11.522296544035674,24.705239687848383,10.82675585284281,2.4198439241917504,2.9198439241917504
118,85.70750426378625,22.838544627629336,27.029846503695282,1.9370380898237636,34.34877771461058,8.019329164297897,6.662450255827174,18.102330869812395,26.807703240477544,10.679363274587834,39.999715747583856,8.124360432063673
119,84.92433257055683,20.78184591914569,22.508009153318078,0.9560640732265446,20.703890160183068,3.622425629290618,8.004424103737605,12.065293668954997,29.77757437070938,29.83859649122807,10.796033562166285,3.0057971014492755
120,113.09243145624693,25.392218026596616,32.41306846166475,2.547857494664259,24.513544573961582,9.198161221474306,8.295682153997701,8.24248891807585,12.509111804301428,9.751764899031357,12.309144639632244,20.928747332129372
121,88.23731195238882,19.645451038739186,21.45340827685017,1.9542624125199757,23.592687496555904,3.807626604948476,8.672287430429272,10.319584504325784,15.847963850774233,11.5724362153524,31.023282085193145,9.781203504711522
122,76.4546748932131,19.131941148552443,19.99050783103939,0.19791172282866634,38.56858092074039,4.757949691504509,7.953962980541053,9.50498338870432,15.619838633127669,49.52681537731372,2.1765543426672993,42.83151400094922
123,92.20091365102114,22.419712170070465,27.388749552131852,2.475904693658187,36.02708109399259,3.9582586886420636,9.089095903499343,9.12698554878777,39.899140093156575,25.479875791233727,38.44673354831004,7.389077988773439
124,73.87547116136832,22.719863452101556,29.3745110589574,0.7165919920347059,31.063366759120974,1.686579901856198,11.296707204324017,10.01194794111372,23.55565038048503,12.31000640068274,30.522935779816514,12.903065215845245
125,102.69546023794615,22.600469630557296,28.41865998747652,3.127614276768942,27.293268628678774,4.666844082654978,8.751815904821541,8.935848465873512,29.182780212899186,17.80995616781465,28.106512210394488,4.75560425798372
126,111.43888923095868,18.515854935040945,27.06889969829444,3.0758573979434765,37.597684871621205,6.920448248260575,9.51770211193892,9.337540791823164,16.73616156640601,12.293639554214643,1.0384212794778647,2.878702050366357
127,106.58177136972193,19.048815653964983,26.973326467559218,0.15746652935118435,21.035633367662204,3.899794026776519,7.730895983522142,9.269927909371782,29.14191555097837,11.529454170957775,20.52564366632338,2.746961894953656
128,119.44967581572129,17.758328182332285,26.648947223062457,0.46931099333219356,23.838933677025658,3.1011875797309205,8.49653458184831,7.986743296026934,14.768191801359864,16.869905440772257,25.850322869129503,7.672462090824204
129,98.94556488690002,19.01753202966959,26.62637160546803,0.32507815852387667,22.462759762152885,4.756390608716974,8.492429350824496,7.157788267026298,30.4006007478698,35.66983387482376,49.042297554097956,3.681297124992337
130,94.11701400751623,23.541168431841477,28.417919371370004,2.004355995900239,40.27767338571917,6.938247352237786,8.386744106593783,12.458062862999657,32.66253843525794,9.977536727024257,40.33660744789887,2.9768534335497097
131,80.08244531688166,21.7249953262292,29.077210693587585,2.0020564591512433,30.44008225836605,1.18508132361189,6.27687418209011,16.549261544213874,13.753037951018882,10.270704804636381,10.07478033277248,21.116283417461208
132,89.7370763437179,21.12927079767203,20.931530297843203,0.2328654570352619,24.176857240671,7.057035261896611,8.350290996234166,9.397466621020198,14.711811023622047,8.974118452584731,10.639575487846628,7.761999315302979
133,116.75885269121812,24.51514793830658,31.35983238904627,1.862232451998741,38.57831680830973,0.83469074598678,8.766328297135663,9.277561378659112,17.873642587346552,15.018728360088133,53.89185945860875,9.146935001573812
134,89.6706249124282,20.65664845173042,24.272978842650975,2.0,28.207124842370742,1.7824015692868151,8.93943533697632,9.66193778898697,40.5735252907384,18.944199243379572,24.458490962589323,4.42906683480454
135,84.10094067623847,21.83309549465591,27.23880944753473,1.9513061711856015,43.20828843521566,2.8605585811224046,7.53595247109532,16.89920493927833,23.902990942714855,18.2021725835105,64.44712700585374,10.53027346594053
136,87.11738484398217,20.86032689450223,25.01222996913933,1.8919876557320836,25.917476283003772,5.434906846496743,8.36255572065379,8.506229283346668,16.417762029946278,12.912332838038633,45.860555492056235,2.1255000571493885
137,111.96472177482205,24.077986179664364,30.155920403179717,2.3148542630020263,27.28461578427807,5.341196030550216,7.457837585078194,17.00623473788123,14.279472125526055,8.432482984361199,18.17909284563828,23.052163973606277
138,80.88811724175643,21.28293323125718,26.232022748400503,2.0,30.754743807076064,9.60228577678132,7.531470443484443,8.296494777710942,24.849619948597365,11.404659047410728,13.289057800623393,3.1154918794772244
139,101.54548595117457,23.000460617227084,31.06345002303086,0.35099032703823124,21.057231690465223,3.2005988023952097,9.041110087517273,7.906264394288346,21.432058959005065,6.9204283740211885,2.987678489175495,3.0
140,83.01429228133227,23.9237744995612,29.922395419783527,1.8787663504534247,27.239876300722973,6.039157507626729,8.271678716202098,10.315767478791425,36.287099335534286,17.90087341719253,8.485937565297338,4.163650800284174
141,118.29181257295315,25.904452226113058,30.91762547940637,2.0,21.863264965816242,12.790895447723862,8.724528931132232,10.157578789394698,15.834250458562614,8.236951809237953,2.67783891945973,5.364849091212273
142,77.19014887100221,23.06417836028207,28.13302229503526,1.683097086687086,34.13070731533585,3.9286630101859106,7.8832537930052,9.57539710805613,26.719638150865446,17.38774129211482,51.00167390839803,9.240152432509438
143,98.12741428857849,23.56048252355811,28.565127314041302,1.54026598944062,35.43524025930629,4.806422508855176,7.345886520082871,10.684354741696184,19.074717636837534,11.276214662834994,44.166410479181984,6.5113279422575685
144,78.3962820407829,20.105888133649987,22.990909835394316,2.0,24.489231021210383,11.24871017934649,7.866350012284006,8.765211694373924,31.24649905822619,21.550323478830563,17.720252231594465,5.690197363033331
145,68.20528221888526,22.72802755940288,28.262344315873158,2.0,25.27091246356329,1.7409681123575655,7.762476813002385,7.721535200070665,17.275770691635014,11.408576980832082,21.782086388128256,6.840296793569473
146,85.22635113662847,23.41600813542086,29.044299908900236,0.5653905637592423,46.190843414334445,6.345140992775577,10.464121522849092,9.554797567848139,21.001483019427553,30.86349865468952,50.33717505985042,4.706065549458698
147,118.25183671865791,24.18976152123522,28.840529603583075,1.0231799787844262,24.509173771264685,4.708600165010019,8.832632695556516,9.14599457824225,39.26279809845598,16.69374926334813,54.44929870742152,5.714964837150827
148,76.48052500132845,22.832084595355756,28.119294330198205,2.32833838142303,33.155481162654766,3.1545778202880066,8.178542961900208,9.603698389925075,36.93076146447739,18.654285562463468,44.25421116956267,9.747276688453159
149,69.72806285188277,20.671269239826174,26.53038768651125,1.988247382955494,25.529788281634662,4.677605805664376,8.099137285124055,8.90567936120566,26.522766681651788,9.982424592725794,22.972791300066362,5.337464945518378
150,115.43457623801135,19.16025641025641,27.855989430416912,2.5298982188295165,25.342777451556078,3.817283225680172,15.274466627520063,9.291055000978664,28.557056175376786,36.29301233118027,9.885104717165786,6.606576629477392
151,88.44072913482115,20.2226765515133,26.222103332314276,2.188512687251605,24.09886120452461,2.7303194741669214,8.513260470804035,10.615293488229899,27.400374503210028,26.037412106389482,52.11449098135127,3.073524915927851
152,81.86539260490237,22.79341503946822,27.563460739509765,2.190070627336934,28.40049854590777,2.9147278770253426,8.53926049023681,16.829040299127545,29.56335687577898,19.109887827170752,47.37235147486498,8.748961362692148
153,89.4815357952273,22.683242234368752,26.784028796160513,2.146913744834022,26.356352486335155,1.5424610051993068,7.821357152379683,7.530729236101853,17.47247033728836,14.779762698306893,17.145980535928544,7.884948673510198
154,85.67480998914223,21.01862524012361,25.21978618558423,1.8411843314123444,35.42462206631588,6.947256326735154,7.643364236198113,9.238119101311284,31.103482836381858,18.35534118433141,41.98388039756118,3.6431136724296334
155,73.85991068361388,18.90058399175541,21.744211611130197,2.0,24.035726554448644,5.173205084163517,9.17059429749227,11.375472346272758,15.647543799381657,9.372449330127104,13.300171762281003,10.241497767090348
156,70.86499321573949,20.93368385345997,22.5685210312076,0.41010854816824965,34.29884667571235,11.801221166892809,7.30376526458616,16.371438263229308,28.30223880597015,9.066316146540027,14.745251017639077,15.197761194029852
157,77.71002307945928,20.69337289812067,25.94625783053083,0.0,43.70046158918562,0.0,6.376360039564787,6.674909330695681,18.64556544675239,21.655786350148368,35.061325420375866,10.98236069897791
158,68.96999924431346,19.547797173732334,23.61747147283307,0.10995239174790297,22.50895488551349,4.965616262374367,9.476838207511523,8.382755233129298,16.12551953449709,11.18242273105116,43.32494521272576,9.125670671805334
159,84.80480242968774,23.557214717327344,29.068303331329684,0.2948527318168876,32.45091587838907,4.329526400708659,8.201556518713025,8.614856528203992,28.697712676769275,18.183270587490906,53.398620646018536,2.967572526811984
160,109.56420447488422,24.393513014780247,29.555492467928815,1.3023829379513476,27.64137049983144,2.8473358292375663,10.963324402491173,10.248105892581487,17.373675899146544,17.632339111765646,33.189517202221474,6.0046665128905765
161,71.90339425587467,21.318537859007833,27.278503046127067,0.0,22.676240208877285,3.815491731940818,8.128372497824195,9.248041775456919,13.436466492602262,7.241514360313316,1.8550913838120104,3.0
162,97.79775280898876,23.640449438202246,30.6384666226041,3.2481824190350297,25.895241242564442,13.653337739590219,66.52974223397224,11.003965631196298,29.67547918043622,6.326834104428288,1.749834765366821,6.700264375413086
163,86.68558888781712,19.672904408218386,21.5421047554741,0.14676376965370888,23.901948490402237,25.207871129545673,77.33978007138035,18.482347834474776,16.66697212308286,6.69359506125205,2.2619369152117295,4.670975209800328
164,46.475915539425934,22.027053777631146,30.04651930056087,0.024744308808973936,19.741009567799406,0.0,6.767898383371825,10.087594853183768,12.127680633454306,14.636918508742989,17.52441438469152,2.8726492906631473
165,76.92188666440448,21.148727519511368,25.200508992195452,2.2768578215134037,24.639871055310486,5.7881235154394295,8.89650492025789,8.924804886325076,34.94869358669834,17.97132677298948,17.504071937563623,4.586596538853071
166,93.79059490084985,21.1385835694051,26.73070821529745,8.782322946175638,23.57915014164306,5.959150141643059,8.769178470254957,7.797223796033994,24.76838526912181,9.575127478753542,6.219603399433428,3.6323512747875353
167,99.11245598591549,24.091475938967136,31.476232394366196,1.1952391431924883,27.946706279342724,36.62118544600939,37.06686473004695,13.056081279342724,18.918610622065728,6.718676643192488,1.8125733568075117,6.487896126760563
168,117.38577972515435,23.444732125074687,29.216490738896635,0.3736307508464449,29.399322844054968,4.801633140808604,8.33021310495917,8.794463254331806,18.734714200358493,18.10017924716192,2.3150766779525993,2.829914359689305
169,108.83547549168438,23.76584691158115,28.12313193671356,2.0904766724015786,44.756299969638704,8.369260871031948,9.113854872988563,19.551867219917014,12.835003204803833,10.628377694565327,14.259690314745471,23.92672806396114
170,82.1357056694813,23.354794933655008,26.65726779252111,2.018094089264174,24.064083232810614,2.9496381182147164,8.913148371531966,8.372436670687575,13.096501809408926,8.582931242460797,27.98884197828709,6.945566948130278
171,103.80378748027354,24.316465018411364,29.894266175697002,2.6737506575486587,28.91877958968964,4.687638085218306,8.0612309310889,9.201157285639137,13.406733298264072,18.749710678590215,42.19179379274066,10.456601788532351
172,102.3344777737622,23.215998072521383,26.087218407420792,0.5329478376099265,30.807794241657632,5.438561619082038,9.625527044934346,18.280809541019153,14.401517889410915,7.264666907601494,11.247018431514276,20.53246596795567
173,86.65711974110032,23.1668284789644,31.346925566343042,2.6454692556634303,30.96084142394822,9.437864077669904,8.533009708737865,9.663592233009709,21.298058252427186,13.27766990291262,31.292880258899675,8.997249190938511
174,62.79573211649443,21.986981613206282,29.492551335391223,2.2724466514561805,43.78419004160515,21.03583411622601,43.720037578848476,11.897060797208429,31.656690377130587,7.6153536438062,6.166420614682593,5.023486780297946
175,98.38011804908356,23.29099099099099,29.41761416589003,2.0,39.65318421870146,2.6045666356011186,8.19707983845915,9.104939422180802,35.32531842187014,13.499440820130475,27.024510717614167,3.5198508853681267
176,79.60132595174629,23.40400519445014,29.48663796049484,2.0,35.595721413437225,5.970405303806985,6.504681839928918,9.137037796459571,20.556626341330052,10.459162053174765,41.00902193971704,5.685804114551295
177,72.23291036884991,21.212943957205947,27.183802948311254,0.06950923679791006,45.37264415002799,3.8453069602537786,6.900976550351434,9.59131056789202,19.321795111028177,9.832431423773093,26.17568576226908,10.09168377184798
178,88.63168140157353,24.33019709627707,31.23740773785384,2.6139184037634844,52.359072106415766,8.437829507664855,7.523237894395328,13.755211290453403,24.82528996674507,23.23481223132452,42.21056046719117,8.857814907940627
179,82.3357742628393,23.150165983206406,28.346709627025973,2.022944737355985,30.5033196641281,1.1620777191954696,7.558679945323179,10.310583870337824,27.593829330208944,14.3174184729545,9.74780316344464,15.220562390158172
180,129.00636379706557,21.8668905780449,25.667491603323317,2.7876966590065404,30.7820399505038,4.383065228919922,9.685699133816511,10.140357079724236,26.23811207353721,10.3910199752519,21.522538447940605,3.190913911967474
181,109.25517487508922,22.21912919343326,29.875446109921484,2.0,42.331548893647394,3.325124910778016,10.56887937187723,9.05317630264097,13.17094932191292,10.950392576730907,8.470378301213419,3.1937901498929335
182,90.0684708183893,18.968209977176393,27.345288555591782,3.874796217802413,25.298826214541897,0.16563417019889143,8.646234104988588,6.923214867949136,25.1294424519074,11.975546136289534,25.371698728399085,7.908379523964786
183,114.66093061674009,20.460490088105725,27.741189427312776,2.9737059471365637,36.889041850220266,27.999036343612335,52.641106828193834,23.116051762114537,20.456084801762113,8.751651982378855,2.1711178414096914,6.404185022026431
184,79.7635285967208,18.864675544607806,25.995381417904703,1.5185128165653143,32.016549919174814,24.075744746362865,29.645831729658994,14.717188823031329,22.422985143560926,6.820799014702486,2.4049726733892696,2.421445616195828
185,117.90761556368473,20.27741935483871,27.788360492184903,2.58623212504157,23.998669770535418,2.603458596607915,9.831792484203525,10.052078483538411,27.73867642168274,14.713601596275357,21.676222148320587,12.40232790156302
186,122.01482541127511,19.87001755640809,26.142532024188828,2.5769555887899083,50.22530723714156,1.9155341699720398,7.549385525716887,10.260159958384811,31.28304831263411,21.38819168996684,30.49118928408869,3.528577930944795
187,114.17836824844387,19.639582357271937,26.893447560404258,2.5215849006090623,21.140686701024027,2.355464828324744,8.05180376146175,10.023693193226691,24.53637641389465,14.733150391540057,27.690649889565623,3.2130379492671173
188,109.17084887175274,19.71000568864168,27.368244738006446,0.0424119840718033,25.230832437898997,6.540357752354465,9.973832248277606,11.453384741798875,18.37393337968523,33.91808355982555,21.9878010239555,13.860122621831742
189,105.92300363762342,24.345574224839773,29.921358046076563,3.5306599688203706,45.81915815000866,5.130434782608695,7.250476355447774,8.36895894682141,21.22397367053525,16.510306599688203,29.044257751602288,2.7619954962757665
190,76.39463601532567,20.96925041752628,25.594459180666078,2.7077316042833286,21.310344827586206,8.411042342076826,8.273111307594066,9.314863935553591,14.138618724825621,11.446802239905688,18.962373514097653,5.216622458001768
191,101.5605801073427,18.641886490807355,27.447185109055614,3.0704579193787827,38.09204065319173,5.846636976133379,8.019527235354573,11.348863766129954,34.13315062235925,10.689162955350005,21.408016443987666,5.71211602146854
192,105.9727758872144,18.57243558580457,26.34346135148274,2.090666018473505,37.20320855614973,4.815508021390374,8.92756441419543,10.509965969859017,47.62809917355372,8.83835683033544,11.24161400097229,23.35877491492465
193,88.9168823326432,19.768719806763286,26.21506211180124,2.5819530710835057,26.336438923395445,5.000345065562457,14.64005348516218,9.221316425120772,21.228433402346447,10.021652864044169,16.2766994478951,6.122584541062802
194,89.20244477803989,22.72082350418186,27.672185288440918,2.379669740510401,29.907012652798628,5.914947458717564,8.136478661805704,9.434484237615269,23.47111301737079,17.281149474587174,42.94115376367146,5.373364786618057
195,84.95825995906905,22.118842511065633,28.875113036028747,1.730998048641188,23.79544048355623,17.8659273713769,6.946266241492552,9.994241111798582,14.372471562514873,16.560468326114894,24.024606158678786,6.67169577840179
196,101.11183915770609,21.91252240143369,28.366095430107528,2.1759632616487457,31.80969982078853,1.5701164874551972,12.001064068100359,9.781193996415771,42.94573252688172,21.133064516129032,27.132280465949822,5.83546146953405
197,89.28668901967221,24.370419001617858,30.97577903350606,0.48427864662711906,40.79230462613426,3.2973106051724543,9.952542849773735,12.161387136861357,49.3134188374874,17.506787966892542,55.44899059766935,12.06342469928955
198,91.26569559646639,23.374940993998248,28.766268797626275,1.780767415199946,31.190774833097308,4.73835052936813,12.660934655067773,11.29637871737811,16.54663160024277,13.326252613122934,50.23467529840178,3.2567266841998785
199,59.47005141388175,21.790359897172237,28.753341902313625,2.109125964010283,29.93547557840617,5.538688946015424,6.602185089974293,9.60706940874036,26.689717223650387,26.825064267352186,24.22879177377892,2.384832904884319
200,91.98104490500863,24.365673575129534,29.108333333333334,2.1437392055267703,23.060146804835924,9.045250431778928,8.498791018998272,9.906822107081174,20.139248704663213,14.299352331606217,48.71778929188255,3.5701640759930915
201,89.6623252167095,25.060765779500805,31.373437295813915,2.000043559698567,23.619331794223985,4.362329572679357,8.916278259354446,8.937274034063684,12.689070871629568,15.302042949862788,55.81147362460252,7.74373829333101
202,81.18269792274964,23.088429131559188,30.22123967631601,0.0,36.832568616000664,30.7414699257529,35.91390673229332,13.552014682572787,17.27930257779261,8.144489864019354,7.496788187202803,2.8857929423542172
203,96.99272698209718,24.742487212276213,30.46279571611253,2.9040521099744248,25.300951086956523,4.469309462915601,7.688618925831202,9.502117966751918,13.985693734015346,12.046675191815856,30.56605658567775,3.83284047314578
204,61.998477157360405,16.591116751269034,25.247208121827413,2.2961928934010154,25.551269035532997,37.52690355329949,110.85101522842639,21.92944162436548,16.13781725888325,7.284263959390863,2.386802030456853,4.373350253807106
205,114.88421681944997,23.560781187724192,30.45436428856118,2.113591072140295,29.12893583100837,5.6016341171781585,7.90613790354723,13.393383818254284,15.147469111199682,8.464726982861698,1.2395376644081306,17.377640494220806
206,100.468410976388,23.52318193168891,30.355844732388114,2.5372492439166505,30.653145029272217,4.879859049415943,6.987736189339919,8.169695624427735,20.15129990843761,25.21295191587359,85.54565633583974,2.862240226408812
207,123.85242904043552,24.12296887337406,30.551718405851307,0.5919253625898683,29.267942484312016,5.877966172131488,8.498400033246062,9.7455637285459,23.160059011760794,23.373914308274113,67.65484353571874,3.9200847774591696
208,125.49501069137563,17.132751247327157,24.912865288667142,2.1364932287954383,42.042052744119744,2.427655024946543,8.297933000712758,16.23823948681397,22.77209550962224,7.861368496079829,6.844084105488239,5.01015680684248
209,106.74940143655228,23.175401259200143,27.71907422186752,2.0564866542520175,36.52567172120245,7.084685643344861,8.6682628358606,12.580562206260531,27.948567881528774,18.10783009665691,84.44080872572492,8.980402589341137
210,78.79234710214537,22.90030953143345,28.37624079410823,2.0565161703490236,32.07909061799552,28.347795922723876,17.88371224250187,12.485270573166828,16.598729853773083,7.3234069804674995,2.2850357562173125,2.7460774895933397
211,79.04852049255652,20.27458187833119,23.564234515714023,2.0,23.119279544201433,2.8900937327697114,9.45322551001654,8.027568461679838,12.479507443484653,6.959933835691968,2.4546958279727993,2.8114317221099063
212,110.22171581769437,21.18069705093834,26.68337801608579,2.253619302949062,24.498927613941017,9.390348525469168,8.16005361930295,8.915281501340482,14.863002680965147,8.773994638069706,2.413672922252011,9.170509383378016
213,97.26369234533665,24.317686880632927,30.80196566208556,1.936421842502345,22.713918681946087,6.762081481179397,7.661555401492598,9.68944985930427,26.341054606255863,17.861506463847313,24.648219893152806,5.344928836507483
214,74.25072632190587,22.874782103428238,29.997385241138872,2.0,39.82655432887856,3.2937245787332947,8.001452643811737,13.497966298663568,16.569145845438698,10.844857640906449,4.045031958163858,16.02643811737362
215,46.51543361097501,24.398824105830474,30.30205781479667,2.0,25.287114159725625,8.222929936305732,5.018863302302793,6.3811856932876045,14.107790298873102,6.196472317491426,10.391229789318961,15.379715825575698
216,105.08805355303811,23.51081359423275,30.87384140061792,1.4850669412976314,22.718846549948505,3.736354273944387,9.737899073120495,10.76519052523172,12.656024716786817,10.468589083419156,16.59371781668383,6.401132852729146
217,127.84456435353663,22.109549504329276,28.520349688375788,2.00163132137031,23.654285355753544,6.641694901074999,9.704187058183795,12.281507508261178,29.67151880202451,37.67386121219727,46.42209394737943,2.9068891956330782
218,68.44714341235911,18.41197046249514,25.656820831713954,2.2141469102215314,24.216478818499805,5.773610571317528,7.8342401865526625,13.366109599689079,18.791682860474154,10.466187329965022,14.424990283715507,6.265060240963855
219,68.23673853226987,22.223572846644142,27.590853679774302,1.9985719758977396,44.259935216467554,5.787572707324719,7.172233638675072,9.343701020514786,26.72167461948382,16.230434328306224,33.68266518059281,8.480199226777193
220,89.34145065674764,20.336219923282577,21.32872253864931,1.9973265140067418,27.98738812042311,10.932116703475533,8.873764965709636,11.52167848424968,52.82837382308497,9.596826688364525,18.42089968615599,9.454492618853887
221,71.93220247127682,22.496368957294603,28.628712334706265,2.1183069585952743,35.121125081292,5.895295902883157,7.780023845653588,10.487806199869933,19.912096249729025,13.927975287231737,25.296986776501193,15.988998482549317
222,95.1738746690203,22.499117387466903,28.354810238305383,0.0,24.645631067961165,2.4876434245366283,8.119152691968226,12.419240953221536,13.104589585172109,8.377316857899382,19.38614298323036,11.457193292144748
223,135.3105518763797,20.41951434878587,28.637262693156732,4.390816777041943,27.536777041942607,4.6602207505518765,10.20344370860927,9.259690949227373,12.949757174392936,19.365474613686533,71.57041942604856,31.22083885209713
224,117.07433838834375,21.55188819506393,24.528991971454058,2.967885816235504,19.762414510853404,3.9708593517692536,10.223907225691347,9.560511448111805,15.555159084151056,14.190900981266726,40.163841807909606,2.542967588462682
225,77.59904270986745,22.8379970544919,24.121870397643594,1.8860456553755522,51.35088365243004,34.652061855670105,53.82658321060383,14.391936671575847,23.67544182621502,7.357142857142857,1.2135493372606774,4.23159057437408
226,102.01556049539536,21.044140997141948,20.435058748809144,1.6922832645284218,29.17942203874246,30.645601778342332,0.9879326770403303,14.27786598920292,19.116862496030485,8.769768180374722,2.5487456335344554,2.317878691648142
227,138.2301532033426,20.62151810584958,27.857938718662954,0.0,42.96448467966574,0.018105849582172703,9.65842618384401,8.776462395543176,22.741643454038996,8.834610027855152,15.269846796657381,3.347841225626741
228,90.49654218533887,23.71544005241319,31.63492756788236,2.268180825507753,23.289218897867073,6.429642571158186,8.985004003785397,9.042076144718644,15.315498289291694,6.049646938924074,1.7888913154254933,2.8202664337191528
229,128.46739832149774,22.342156229825694,28.6583279535184,2.0,24.290187217559716,13.852808263395739,9.064719173660427,10.70093608779858,14.817301484828922,9.495480955455132,12.10635894125242,10.076178179470626
230,127.92634747436742,21.640955695607186,26.232903771987583,2.139591759947324,51.09952027090584,5.597968206189446,9.955225284545199,9.381713855705014,16.355093594205623,7.6873295080425175,8.201956542187942,11.940645282663908
231,99.50729770992366,21.84613740458015,25.49593893129771,1.4526412213740458,25.0393893129771,5.727114503816794,8.162320610687022,7.924732824427481,13.354137404580152,16.42836641221374,23.75902290076336,3.201312977099237
232,102.97635183850036,18.44484498918529,26.145493871665465,2.8673395818312906,31.67382840663302,6.075558759913482,8.377361211247296,8.502090843547224,12.73467916366258,12.463302090843547,24.5126171593367,2.840807498197549
233,82.83380540457782,19.94189696088188,19.611115364005204,2.000306208374799,26.19788716221389,4.920079614177448,8.939294189696088,11.128377861134503,32.07800658348006,20.870167649085204,34.771338896118806,3.9627191303682157
234,126.83515815085158,17.51824817518248,18.241484184914842,2.0,28.951338199513383,2.6064476885644767,8.58941605839416,9.754257907542579,13.358880778588809,20.048053527980535,21.738442822384428,18.40815085158151
235,111.88608286410623,22.9662996890495,30.427346835868562,2.0495839986553492,25.48945289520128,3.8766282880914362,8.32624590301706,13.984998739389864,14.982939742835532,14.009706698041851,45.897848558702414,10.492226237498949
236,127.3859649122807,21.71746530505368,27.274679235401937,0.13144802304268133,20.617962817491488,5.343807279392511,7.545168892380204,8.780832678711704,37.84158156585494,14.615868028279655,24.168106834249805,3.741031683686829
237,121.31687125321153,22.211152345608525,26.161004852983158,4.55552383671139,43.14463792939385,4.326482062993625,10.85060424398135,10.010276905509564,22.26777048244362,25.84613188695404,88.36977828527928,5.010657531639547
